Tags,Ticket,Open Date,Close Date,Symbol,Action,Units/Lots,SL,TP,Open Price,Close Price,Commission,Swap,Pips,Profit,Gain,Comment,Magic Number,Duration (DD:HH:MM:SS),Profitable(%),Profitable(time duration),Drawdown,Risk:Reward,Max(pips),Max(USD),Min(pips),Min(USD),Entry Accuracy(%),Exit Accuracy(%),ProfitMissed(pips),ProfitMissed(USD)
,95206068,01/30/2026 01:10,01/30/2026 01:10,XAUUSD,Sell,0.010,0.00000,5429.96000,5438.26000,5429.92000,0.0000,0.0000,834.0,8.34,0.57,"PythonX XAUUSD M1[tp 5429.96]",525252,00:00:00:23,,,,,,,,,,,,
,95202110,01/29/2026 22:41,01/29/2026 22:42,XAUUSD,Sell,0.010,5350.59000,0.00000,5344.85000,5350.66000,0.0000,0.0000,-581.0,-5.81,-0.39,"PythonX XAUUSD M1[sl 5350.59]",525252,00:00:01:15,,,,,,,,,,,,
,95198297,01/29/2026 21:13,01/29/2026 21:13,XAUUSD,Buy,0.010,5318.12000,0.00000,5323.12000,5316.64000,0.0000,0.0000,-648.0,-6.48,-0.44,"PythonX XAUUSD M1[sl 5318.12]",525252,00:00:00:47,,,,,,,,,,,,
,95196960,01/29/2026 20:52,01/29/2026 20:55,XAUUSD,Sell,0.010,0.00000,5348.90000,5357.18000,5348.90000,0.0000,0.0000,828.0,8.28,0.56,"PythonX XAUUSD M1[tp 5348.90]",525252,00:00:03:05,,,,,,,,,,,,
,95193341,01/29/2026 19:55,01/29/2026 19:55,XAUUSD,Buy,0.010,5336.99000,0.00000,5342.66000,5336.87000,0.0000,0.0000,-579.0,-5.79,-0.39,"PythonX XAUUSD M1[sl 5336.99]",525252,00:00:00:09,,,,,,,,,,,,
,95184544,01/29/2026 18:34,01/29/2026 18:34,XAUUSD,Sell,0.010,0.00000,5292.67000,5300.97000,5291.60000,0.0000,0.0000,937.0,9.37,0.64,"PythonX XAUUSD M1[tp 5292.67]",525252,00:00:00:09,,,,,,,,,,,,
,95182113,01/29/2026 18:16,01/29/2026 18:16,XAUUSD,Sell,0.080,0.00000,5257.41000,5265.43000,5257.14000,0.0000,0.0000,829.0,66.32,4.72,"PythonX XAUUSD M1[tp 5257.41]",525252,00:00:00:12,,,,,,,,,,,,
,95121710,01/29/2026 13:37,01/29/2026 13:46,XAUUSD,Sell,0.050,5520.95000,0.00000,5515.14000,5521.00000,0.0000,0.0000,-586.0,-29.30,-2.04,"PythonX XAUUSD M1[sl 5520.95]",525252,00:00:09:04,,,,,,,,,,,,
,95119430,01/29/2026 13:01,01/29/2026 13:03,XAUUSD,Buy,0.030,5479.61000,0.00000,5485.24000,5479.58000,0.0000,0.0000,-566.0,-16.98,-1.17,"PythonX XAUUSD M1[sl 5479.61]",525252,00:00:02:04,,,,,,,,,,,,
,95113535,01/29/2026 10:47,01/29/2026 10:47,XAUUSD,Buy,0.020,5491.58000,0.00000,5497.28000,5491.51000,0.0000,0.0000,-577.0,-11.54,-0.79,"PythonX XAUUSD M1[sl 5491.58]",525252,00:00:00:44,,,,,,,,,,,,
,95112764,01/29/2026 10:43,01/29/2026 10:43,XAUUSD,Buy,0.010,5511.99000,0.00000,5516.77000,5511.93000,0.0000,0.0000,-484.0,-4.84,-0.33,"PythonX XAUUSD M1[sl 5511.99]",525252,00:00:00:28,,,,,,,,,,,,
,95104750,01/29/2026 08:09,01/29/2026 08:10,XAUUSD,Sell,0.010,5587.85000,0.00000,5581.82000,5587.86000,0.0000,0.0000,-604.0,-6.04,-0.41,"PythonX XAUUSD M1[sl 5587.85]",525252,00:00:01:03,,,,,,,,,,,,
,95101124,01/29/2026 06:29,01/29/2026 06:33,XAUUSD,Sell,0.010,5551.60000,0.00000,5545.84000,5551.68000,0.0000,0.0000,-584.0,-5.84,-0.39,"PythonX XAUUSD M1[sl 5551.60]",525252,00:00:04:36,,,,,,,,,,,,
,95099252,01/29/2026 05:06,01/29/2026 05:11,XAUUSD,Buy,0.010,0.00000,5531.45000,5523.58000,5531.48000,0.0000,0.0000,790.0,7.90,0.54,"PythonX XAUUSD M1[tp 5531.45]",525252,00:00:05:10,,,,,,,,,,,,
,95009632,01/28/2026 11:46,01/28/2026 12:02,XAUUSD,Buy,0.010,0.00000,5280.15000,5272.33000,5280.15000,0.0000,0.0000,782.0,7.82,0.53,"PythonX XAUUSD M1[tp 5280.15]",525252,00:00:16:19,,,,,,,,,,,,
,95008533,01/28/2026 11:20,01/28/2026 11:21,XAUUSD,Buy,0.010,5273.03000,0.00000,5279.07000,5272.99000,0.0000,0.0000,-608.0,-6.08,-0.41,"PythonX XAUUSD M1[sl 5273.03]",525252,00:00:01:18,,,,,,,,,,,,
,95007190,01/28/2026 10:50,01/28/2026 10:54,XAUUSD,Buy,0.010,0.00000,5293.16000,5284.82000,5293.63000,0.0000,0.0000,881.0,8.81,0.60,"PythonX XAUUSD M1[tp 5293.16]",525252,00:00:04:25,,,,,,,,,,,,
,95003372,01/28/2026 09:12,01/28/2026 09:16,XAUUSD,Sell,0.010,5276.21000,0.00000,5270.47000,5276.22000,0.0000,0.0000,-575.0,-5.75,-0.39,"PythonX XAUUSD M1[sl 5276.21]",525252,00:00:04:32,,,,,,,,,,,,
,94997961,01/28/2026 06:25,01/28/2026 06:55,XAUUSD,Sell,0.010,5243.91000,0.00000,5238.24000,5243.91000,0.0000,0.0000,-567.0,-5.67,-0.39,"PythonX XAUUSD M1[sl 5243.91]",525252,00:00:30:05,0.0,0s,3172.0,3333.33,0.0,0.0,-3172.0,-31.720000000000002,0.0,82.1,-567.00,-5.67
,94996663,01/28/2026 05:12,01/28/2026 05:30,XAUUSD,Sell,0.010,0.00000,5236.01000,5244.10000,5235.93000,0.0000,0.0000,817.0,8.17,0.56,"PythonX XAUUSD M1[tp 5236.01]",525252,00:00:18:48,,,,,,,,,,,,
,94996125,01/28/2026 04:56,01/28/2026 04:59,XAUUSD,Sell,0.010,5233.86000,0.00000,5228.06000,5233.87000,0.0000,0.0000,-581.0,-5.81,-0.40,"PythonX XAUUSD M1[sl 5233.86]",525252,00:00:03:17,,,,,,,,,,,,
,94996021,01/28/2026 04:53,01/28/2026 04:54,XAUUSD,Sell,0.010,5232.77000,0.00000,5227.09000,5232.91000,0.0000,0.0000,-582.0,-5.82,-0.39,"PythonX XAUUSD M1[sl 5232.77]",525252,00:00:01:48,,,,,,,,,,,,
,94994081,01/28/2026 03:49,01/28/2026 03:58,XAUUSD,Sell,0.010,0.00000,5211.97000,5220.36000,5211.97000,0.0000,0.0000,839.0,8.39,0.57,"PythonX XAUUSD M1[tp 5211.97]",525252,00:00:09:02,,,,,,,,,,,,
,94933115,01/27/2026 13:07,01/27/2026 13:48,XAUUSD,Sell,0.050,0.00000,0.00000,5086.45000,5079.23000,0.0000,0.0000,722.0,36.10,2.52,"PythonX XAUUSD M1",525252,00:00:41:20,87.5,36m,586.0,0.19,1308.0,65.4,-250.0,-12.5,84.0,62.4,-586.00,-29.30
,94926842,01/27/2026 10:10,01/27/2026 10:29,XAUUSD,Buy,0.030,5078.24000,0.00000,5083.93000,5078.19000,0.0000,0.0000,-574.0,-17.22,-1.19,"PythonX XAUUSD M1[sl 5078.24]",525252,00:00:19:09,,,,,,,,,,,,
,94926456,01/27/2026 10:01,01/27/2026 10:06,XAUUSD,Buy,0.020,5082.28000,0.00000,5087.56000,5082.20000,0.0000,0.0000,-536.0,-10.72,-0.73,"PythonX XAUUSD M1[sl 5082.28]",525252,00:00:05:21,,,,,,,,,,,,
,94921108,01/27/2026 07:50,01/27/2026 08:01,XAUUSD,Sell,0.010,5085.57000,0.00000,5079.89000,5085.91000,0.0000,0.0000,-602.0,-6.02,-0.41,"PythonX XAUUSD M1[sl 5085.57]",525252,00:00:11:04,,,,,,,,,,,,
,94917969,01/27/2026 05:25,01/27/2026 05:40,XAUUSD,Sell,0.010,5076.21000,0.00000,5070.49000,5076.28000,0.0000,0.0000,-579.0,-5.79,-0.39,"PythonX XAUUSD M1[sl 5076.21]",525252,00:00:15:38,,,,,,,,,,,,
,94917278,01/27/2026 04:56,01/27/2026 05:05,XAUUSD,Buy,0.010,5065.31000,0.00000,5071.35000,5065.14000,0.0000,0.0000,-621.0,-6.21,-0.42,"PythonX XAUUSD M1[sl 5065.31]",525252,00:00:09:26,,,,,,,,,,,,
,94838479,01/26/2026 11:58,01/26/2026 12:14,XAUUSD,Buy,0.010,0.00000,5088.87000,5080.36000,5088.88000,0.0000,0.0000,852.0,8.52,0.58,"PythonX XAUUSD M1[tp 5088.87]",525252,00:00:16:09,,,,,,,,,,,,
,94837894,01/26/2026 11:43,01/26/2026 11:49,XAUUSD,Buy,0.010,5083.52000,0.00000,5089.23000,5083.52000,0.0000,0.0000,-571.0,-5.71,-0.39,"PythonX XAUUSD M1[sl 5083.52]",525252,00:00:06:54,,,,,,,,,,,,
,94837530,01/26/2026 11:34,01/26/2026 11:40,XAUUSD,Sell,0.010,0.00000,5088.96000,5097.28000,5088.84000,0.0000,0.0000,844.0,8.44,0.58,"PythonX XAUUSD M1[tp 5088.96]",525252,00:00:06:55,,,,,,,,,,,,
,94834996,01/26/2026 10:06,01/26/2026 10:51,XAUUSD,Sell,0.010,0.00000,5085.47000,5093.78000,5085.03000,0.0000,0.0000,875.0,8.75,0.60,"PythonX XAUUSD M1[tp 5085.47]",525252,00:00:45:41,,,,,,,,,,,,
,94832148,01/26/2026 08:41,01/26/2026 08:42,XAUUSD,Sell,0.010,5088.32000,0.00000,5082.43000,5088.42000,0.0000,0.0000,-599.0,-5.99,-0.41,"PythonX XAUUSD M1[sl 5088.32]",525252,00:00:01:50,,,,,,,,,,,,
,94824088,01/26/2026 03:37,01/26/2026 03:39,XAUUSD,Sell,0.010,0.00000,5073.38000,5081.58000,5073.33000,0.0000,0.0000,825.0,8.25,0.57,"PythonX XAUUSD M1[tp 5073.38]",525252,00:00:02:03,,,,,,,,,,,,
,53931786,01/23/2026 16:21,,,Withdrawal,0.000,0.00000,0.00000,0.00000,0.00000,0.0000,0.0000,0.0,-700.00,0,"CORR:VN2PEJ",0,00:00:00:00,,,,,,,,,,,,
,94754879,01/23/2026 14:08,01/23/2026 14:37,XAUUSD,Sell,0.010,4937.71000,0.00000,4931.98000,4937.74000,0.0000,0.0000,-576.0,-5.76,-0.27,"PythonX XAUUSD M1[sl 4937.71]",525252,00:00:29:23,,,,,,,,,,,,
,94750909,01/23/2026 12:29,01/23/2026 13:01,XAUUSD,Sell,0.020,0.00000,4922.47000,4930.87000,4922.20000,0.0000,0.0000,867.0,17.34,0.81,"PythonX XAUUSD M1[tp 4922.47]",525252,00:00:32:07,,,,,,,,,,,,
,94749781,01/23/2026 12:04,01/23/2026 12:19,XAUUSD,Sell,0.010,4926.24000,0.00000,4920.75000,4926.27000,0.0000,0.0000,-552.0,-5.52,-0.26,"PythonX XAUUSD M1[sl 4926.24]",525252,00:00:15:10,,,,,,,,,,,,
,94749277,01/23/2026 11:47,01/23/2026 11:50,XAUUSD,Sell,0.010,4921.78000,0.00000,4916.60000,4921.80000,0.0000,0.0000,-520.0,-5.20,-0.24,"PythonX XAUUSD M1[sl 4921.78]",525252,00:00:03:50,,,,,,,,,,,,
,94747929,01/23/2026 11:21,01/23/2026 11:28,XAUUSD,Buy,0.010,4907.14000,0.00000,4912.72000,4907.13000,0.0000,0.0000,-559.0,-5.59,-0.26,"PythonX XAUUSD M1[sl 4907.14]",525252,00:00:07:18,,,,,,,,,,,,
,94745533,01/23/2026 10:30,01/23/2026 10:36,XAUUSD,Buy,0.020,0.00000,4922.00000,4913.74000,4922.04000,0.0000,0.0000,830.0,16.60,0.77,"PythonX XAUUSD M1[tp 4922.00]",525252,00:00:06:58,,,,,,,,,,,,
,94742220,01/23/2026 09:46,01/23/2026 10:00,XAUUSD,Buy,0.010,4942.65000,0.00000,4948.00000,4942.65000,0.0000,0.0000,-535.0,-5.35,-0.25,"PythonX XAUUSD M1[sl 4942.65]",525252,00:00:14:15,,,,,,,,,,,,
,94738911,01/23/2026 08:15,01/23/2026 09:44,XAUUSD,Buy,0.010,4947.22000,0.00000,4953.00000,4947.22000,0.0000,0.0000,-578.0,-5.78,-0.27,"PythonX XAUUSD M1[sl 4947.22]",525252,00:01:29:41,0.0,0s,4777.0,5000.00,0.0,0.0,-4777.0,-47.77,0.0,87.9,-578.00,-5.78
,94736921,01/23/2026 06:53,01/23/2026 07:46,XAUUSD,Sell,0.010,4963.36000,0.00000,4957.66000,4963.38000,0.0000,0.0000,-572.0,-5.72,-0.26,"PythonX XAUUSD M1[sl 4963.36]",525252,00:00:53:47,,,,,,,,,,,,
,94655397,01/22/2026 13:17,01/22/2026 13:49,XAUUSD,Buy,0.030,0.00000,4834.63000,4826.37000,4834.70000,0.0000,0.0000,833.0,24.99,1.17,"PythonX XAUUSD M1[tp 4834.63]",525252,00:00:32:04,,,,,,,,,,,,
,94650630,01/22/2026 11:26,01/22/2026 11:32,XAUUSD,Buy,0.020,4824.89000,0.00000,4830.71000,4824.53000,0.0000,0.0000,-618.0,-12.36,-0.58,"PythonX XAUUSD M1[sl 4824.89]",525252,00:00:06:22,,,,,,,,,,,,
,94647803,01/22/2026 10:58,01/22/2026 11:11,XAUUSD,Sell,0.010,4835.46000,0.00000,4829.76000,4835.64000,0.0000,0.0000,-588.0,-5.88,-0.27,"PythonX XAUUSD M1[sl 4835.46]",525252,00:00:13:45,,,,,,,,,,,,
,94644643,01/22/2026 09:49,01/22/2026 10:10,XAUUSD,Buy,0.010,4827.49000,0.00000,4833.26000,4827.42000,0.0000,0.0000,-584.0,-5.84,-0.27,"PythonX XAUUSD M1[sl 4827.49]",525252,00:00:21:19,,,,,,,,,,,,
,94643048,01/22/2026 09:01,01/22/2026 09:05,XAUUSD,Sell,0.010,4831.54000,0.00000,4825.88000,4831.54000,0.0000,0.0000,-566.0,-5.66,-0.26,"PythonX XAUUSD M1[sl 4831.54]",525252,00:00:04:51,,,,,,,,,,,,
,94548156,01/21/2026 14:03,01/21/2026 14:19,XAUUSD,Sell,0.010,0.00000,4856.64000,4864.92000,4856.58000,0.0000,0.0000,834.0,8.34,0.39,"PythonX XAUUSD M1[tp 4856.64]",525252,00:00:16:33,,,,,,,,,,,,
,94542557,01/21/2026 11:37,01/21/2026 13:44,XAUUSD,Sell,0.020,0.00000,4861.35000,4869.65000,4861.25000,0.0000,0.0000,840.0,16.80,0.79,"PythonX XAUUSD M1[tp 4861.35]",525252,00:02:07:09,87.5,1h 51m,1502.0,0.91,840.0,16.8,-767.0,-15.34,52.3,100.0,0.00,0.00
,94542389,01/21/2026 11:30,01/21/2026 11:30,XAUUSD,Sell,0.010,4872.14000,0.00000,4866.25000,4874.99000,0.0000,0.0000,-874.0,-8.74,-0.41,"PythonX XAUUSD M1[sl 4872.14]",525252,00:00:00:02,,,,,,,,,,,,
,94540170,01/21/2026 10:35,01/21/2026 10:56,XAUUSD,Buy,0.010,4857.37000,0.00000,4863.09000,4856.69000,0.0000,0.0000,-640.0,-6.40,-0.30,"PythonX XAUUSD M1[sl 4857.37]",525252,00:00:21:34,,,,,,,,,,,,
,94527852,01/21/2026 08:25,01/21/2026 08:27,XAUUSD,Sell,0.010,4885.10000,0.00000,4879.40000,4885.15000,0.0000,0.0000,-575.0,-5.75,-0.27,"PythonX XAUUSD M1[sl 4885.10]",525252,00:00:02:21,,,,,,,,,,,,
,94522272,01/21/2026 07:06,01/21/2026 07:16,XAUUSD,Buy,0.010,0.00000,4869.70000,4861.11000,4869.86000,0.0000,0.0000,875.0,8.75,0.41,"PythonX XAUUSD M1[tp 4869.70]",525252,00:00:10:55,,,,,,,,,,,,
,94521351,01/21/2026 06:46,01/21/2026 06:55,XAUUSD,Sell,0.010,4868.99000,0.00000,4863.30000,4868.99000,0.0000,0.0000,-569.0,-5.69,-0.26,"PythonX XAUUSD M1[sl 4868.99]",525252,00:00:09:14,,,,,,,,,,,,
,94521018,01/21/2026 06:40,01/21/2026 06:43,XAUUSD,Sell,0.010,4864.97000,0.00000,4859.43000,4865.00000,0.0000,0.0000,-557.0,-5.57,-0.26,"PythonX XAUUSD M1[sl 4864.97]",525252,00:00:03:21,,,,,,,,,,,,
,94442722,01/20/2026 15:48,01/20/2026 15:52,XAUUSD,Sell,0.010,4733.70000,0.00000,4728.10000,4733.74000,0.0000,0.0000,-564.0,-5.64,-0.26,"PythonX XAUUSD M1[sl 4733.70]",525252,00:00:04:07,,,,,,,,,,,,
,94435254,01/20/2026 15:24,01/20/2026 15:33,XAUUSD,Buy,0.010,4715.46000,0.00000,4721.18000,4715.42000,0.0000,0.0000,-576.0,-5.76,-0.26,"PythonX XAUUSD M1[sl 4715.46]",525252,00:00:09:48,,,,,,,,,,,,
,94416825,01/20/2026 13:41,01/20/2026 15:21,XAUUSD,Sell,0.010,0.00000,4721.61000,4729.95000,4721.55000,0.0000,0.0000,840.0,8.40,0.39,"PythonX XAUUSD M1[tp 4721.61]",525252,00:01:40:14,28.6,28m,2036.0,2.42,840.0,8.4,-2036.0,-20.36,29.2,100.0,0.00,0.00
,94411170,01/20/2026 12:15,01/20/2026 12:31,XAUUSD,Buy,0.010,4726.06000,0.00000,4731.70000,4726.04000,0.0000,0.0000,-566.0,-5.66,-0.26,"PythonX XAUUSD M1[sl 4726.06]",525252,00:00:16:34,,,,,,,,,,,,
,94407774,01/20/2026 11:21,01/20/2026 11:30,XAUUSD,Buy,0.010,0.00000,4733.58000,4725.07000,4733.59000,0.0000,0.0000,852.0,8.52,0.39,"PythonX XAUUSD M1[tp 4733.58]",525252,00:00:09:13,,,,,,,,,,,,
,94405348,01/20/2026 10:50,01/20/2026 10:56,XAUUSD,Sell,0.010,4729.65000,0.00000,4723.95000,4729.67000,0.0000,0.0000,-572.0,-5.72,-0.26,"PythonX XAUUSD M1[sl 4729.65]",525252,00:00:06:45,,,,,,,,,,,,
,94398002,01/20/2026 09:14,01/20/2026 09:26,XAUUSD,Sell,0.010,4721.62000,0.00000,4715.95000,4721.64000,0.0000,0.0000,-569.0,-5.69,-0.26,"PythonX XAUUSD M1[sl 4721.62]",525252,00:00:12:48,,,,,,,,,,,,
,94396324,01/20/2026 08:41,01/20/2026 09:01,XAUUSD,Buy,0.010,0.00000,4715.99000,4707.32000,4716.02000,0.0000,0.0000,870.0,8.70,0.40,"PythonX XAUUSD M1[tp 4715.99]",525252,00:00:20:35,,,,,,,,,,,,
,94390505,01/20/2026 07:08,01/20/2026 07:34,XAUUSD,Sell,0.010,4703.77000,0.00000,4698.11000,4703.99000,0.0000,0.0000,-588.0,-5.88,-0.27,"PythonX XAUUSD M1[sl 4703.77]",525252,00:00:26:44,,,,,,,,,,,,
,94335912,01/19/2026 14:20,01/19/2026 16:10,XAUUSD,Sell,0.010,0.00000,4662.04000,4670.33000,4662.03000,0.0000,0.0000,830.0,8.30,0.38,"PythonX XAUUSD M1[tp 4662.04]",525252,00:01:50:25,,,,,,,,,,,,
,94324374,01/19/2026 09:43,01/19/2026 13:56,XAUUSD,Buy,0.010,4659.91000,0.00000,4665.61000,4659.89000,0.0000,0.0000,-572.0,-5.72,-0.26,"PythonX XAUUSD M1[sl 4659.91]",525252,00:04:13:31,62.5,2h 38m,1221.0,0.88,649.0,6.49,-572.0,-5.72,53.2,0.0,-1221.00,-12.21
,94322114,01/19/2026 08:36,01/19/2026 09:18,XAUUSD,Sell,0.010,0.00000,4665.62000,4673.94000,4665.29000,0.0000,0.0000,865.0,8.65,0.40,"PythonX XAUUSD M1[tp 4665.62]",525252,00:00:42:00,,,,,,,,,,,,
,94152981,01/15/2026 13:48,01/15/2026 15:01,XAUUSD,Buy,0.020,4611.58000,0.00000,4617.26000,4611.49000,0.0000,0.0000,-577.0,-11.54,-0.53,"PythonX XAUUSD M1[sl 4611.58]",525252,00:01:13:01,,,,,,,,,,,,
,94150134,01/15/2026 12:41,01/15/2026 13:35,XAUUSD,Sell,0.010,4622.87000,0.00000,4617.16000,4622.91000,0.0000,0.0000,-575.0,-5.75,-0.26,"PythonX XAUUSD M1[sl 4622.87]",525252,00:00:54:46,,,,,,,,,,,,
,94146114,01/15/2026 11:45,01/15/2026 12:24,XAUUSD,Sell,0.010,4614.81000,0.00000,4609.10000,4615.24000,0.0000,0.0000,-614.0,-6.14,-0.28,"PythonX XAUUSD M1[sl 4614.81]",525252,00:00:39:25,,,,,,,,,,,,
,94140340,01/15/2026 10:18,01/15/2026 11:44,XAUUSD,Sell,0.010,4610.73000,0.00000,4605.02000,4610.80000,0.0000,0.0000,-578.0,-5.78,-0.26,"PythonX XAUUSD M1[sl 4610.73]",525252,00:01:26:09,,,,,,,,,,,,
,94133968,01/15/2026 08:34,01/15/2026 09:17,XAUUSD,Buy,0.010,0.00000,4612.32000,4604.01000,4612.35000,0.0000,0.0000,834.0,8.34,0.38,"PythonX XAUUSD M1[tp 4612.32]",525252,00:00:43:56,,,,,,,,,,,,
,94129881,01/15/2026 07:31,01/15/2026 07:35,XAUUSD,Sell,0.010,0.00000,4582.13000,4590.80000,4582.13000,0.0000,0.0000,867.0,8.67,0.40,"PythonX XAUUSD M1[tp 4582.13]",525252,00:00:04:37,,,,,,,,,,,,
,94125916,01/15/2026 06:05,01/15/2026 07:16,XAUUSD,Buy,0.010,4584.12000,0.00000,4589.78000,4584.12000,0.0000,0.0000,-566.0,-5.66,-0.26,"PythonX XAUUSD M1[sl 4584.12]",525252,00:01:11:21,,,,,,,,,,,,
,94120414,01/15/2026 04:50,01/15/2026 04:51,XAUUSD,Buy,0.010,4598.70000,0.00000,4604.46000,4598.70000,0.0000,0.0000,-576.0,-5.76,-0.26,"PythonX XAUUSD M1[sl 4598.70]",525252,00:00:01:30,,,,,,,,,,,,
,94040210,01/14/2026 15:01,01/14/2026 15:30,XAUUSD,Sell,0.010,0.00000,4627.73000,4635.95000,4627.62000,0.0000,0.0000,833.0,8.33,0.38,"PythonX XAUUSD M1[tp 4627.73]",525252,00:00:29:16,,,,,,,,,,,,
,94025768,01/14/2026 12:44,01/14/2026 13:32,XAUUSD,Sell,0.020,0.00000,4628.43000,4636.74000,4628.39000,0.0000,0.0000,835.0,16.70,0.77,"PythonX XAUUSD M1[tp 4628.43]",525252,00:00:48:44,,,,,,,,,,,,
,94019988,01/14/2026 10:39,01/14/2026 10:46,XAUUSD,Sell,0.010,4634.39000,0.00000,4628.70000,4634.40000,0.0000,0.0000,-570.0,-5.70,-0.26,"PythonX XAUUSD M1[sl 4634.39]",525252,00:00:07:07,,,,,,,,,,,,
,94017869,01/14/2026 10:02,01/14/2026 10:05,XAUUSD,Buy,0.010,4627.33000,0.00000,4633.05000,4627.27000,0.0000,0.0000,-578.0,-5.78,-0.27,"PythonX XAUUSD M1[sl 4627.33]",525252,00:00:03:41,,,,,,,,,,,,
,94008808,01/14/2026 06:02,01/14/2026 07:01,XAUUSD,Sell,0.010,4633.58000,0.00000,4628.01000,4633.66000,0.0000,0.0000,-565.0,-5.65,-0.26,"PythonX XAUUSD M1[sl 4633.58]",525252,00:00:59:54,,,,,,,,,,,,
,94007555,01/14/2026 05:31,01/14/2026 05:39,XAUUSD,Buy,0.010,0.00000,4624.57000,4616.27000,4624.59000,0.0000,0.0000,832.0,8.32,0.38,"PythonX XAUUSD M1[tp 4624.57]",525252,00:00:08:12,,,,,,,,,,,,
,93941446,01/13/2026 14:43,01/13/2026 14:49,XAUUSD,Sell,0.010,4589.92000,0.00000,4584.22000,4589.95000,0.0000,0.0000,-573.0,-5.73,-0.26,"PythonX XAUUSD M1[sl 4589.92]",525252,00:00:06:55,,,,,,,,,,,,
,93931433,01/13/2026 12:10,01/13/2026 14:28,XAUUSD,Buy,0.010,4578.23000,0.00000,4583.86000,4578.14000,0.0000,0.0000,-572.0,-5.72,-0.26,"PythonX XAUUSD M1[sl 4578.23]",525252,00:02:18:31,75.0,1h 43m,4051.0,0.16,3479.0,34.79,-572.0,-5.72,85.9,0.0,-4051.00,-40.51
,93928130,01/13/2026 10:34,01/13/2026 12:04,XAUUSD,Sell,0.030,0.00000,4583.63000,4591.89000,4583.53000,0.0000,0.0000,836.0,25.08,1.16,"PythonX XAUUSD M1[tp 4583.63]",525252,00:01:30:15,,,,,,,,,,,,
,93925165,01/13/2026 09:12,01/13/2026 10:11,XAUUSD,Sell,0.020,4589.95000,0.00000,4584.29000,4589.98000,0.0000,0.0000,-569.0,-11.38,-0.53,"PythonX XAUUSD M1[sl 4589.95]",525252,00:00:59:02,,,,,,,,,,,,
,93923530,01/13/2026 08:35,01/13/2026 08:36,XAUUSD,Buy,0.010,4578.52000,0.00000,4584.20000,4578.50000,0.0000,0.0000,-570.0,-5.70,-0.26,"PythonX XAUUSD M1[sl 4578.52]",525252,00:00:01:42,,,,,,,,,,,,
,93922356,01/13/2026 08:04,01/13/2026 08:23,XAUUSD,Buy,0.010,4585.40000,0.00000,4591.11000,4585.39000,0.0000,0.0000,-572.0,-5.72,-0.26,"PythonX XAUUSD M1[sl 4585.40]",525252,00:00:19:33,,,,,,,,,,,,
,93917975,01/13/2026 05:07,01/13/2026 07:28,XAUUSD,Sell,0.010,4600.43000,0.00000,4594.71000,4600.59000,0.0000,0.0000,-588.0,-5.88,-0.27,"PythonX XAUUSD M1[sl 4600.43]",525252,00:02:21:22,75.0,1h 46m,1921.0,0.44,1333.0,13.33,-588.0,-5.88,69.4,0.0,-1921.00,-19.21
,93851255,01/12/2026 10:54,01/12/2026 12:08,XAUUSD,Sell,0.010,0.00000,4587.36000,4595.87000,4587.35000,0.0000,0.0000,852.0,8.52,0.39,"PythonX XAUUSD M1[tp 4587.36]",525252,00:01:14:39,,,,,,,,,,,,
,93848886,01/12/2026 10:00,01/12/2026 10:47,XAUUSD,Sell,0.010,4593.13000,0.00000,4587.47000,4593.19000,0.0000,0.0000,-572.0,-5.72,-0.26,"PythonX XAUUSD M1[sl 4593.13]",525252,00:00:47:56,,,,,,,,,,,,
,93847145,01/12/2026 09:14,01/12/2026 09:22,XAUUSD,Sell,0.010,4587.62000,0.00000,4581.92000,4587.62000,0.0000,0.0000,-570.0,-5.70,-0.26,"PythonX XAUUSD M1[sl 4587.62]",525252,00:00:08:23,,,,,,,,,,,,
,93845511,01/12/2026 08:14,01/12/2026 09:09,XAUUSD,Buy,0.010,0.00000,4581.39000,4573.08000,4581.51000,0.0000,0.0000,843.0,8.43,0.39,"PythonX XAUUSD M1[tp 4581.39]",525252,00:00:55:12,,,,,,,,,,,,
,93844736,01/12/2026 07:49,01/12/2026 08:07,XAUUSD,Sell,0.010,0.00000,4574.11000,4582.66000,4573.90000,0.0000,0.0000,876.0,8.76,0.40,"PythonX XAUUSD M1[tp 4574.11]",525252,00:00:18:36,,,,,,,,,,,,
,93843759,01/12/2026 07:12,01/12/2026 07:30,XAUUSD,Sell,0.010,4575.71000,0.00000,4569.87000,4575.74000,0.0000,0.0000,-587.0,-5.87,-0.27,"PythonX XAUUSD M1[sl 4575.71]",525252,00:00:18:55,,,,,,,,,,,,
,93842387,01/12/2026 05:50,01/12/2026 06:34,XAUUSD,Buy,0.010,4565.34000,0.00000,4571.01000,4565.21000,0.0000,0.0000,-580.0,-5.80,-0.27,"PythonX XAUUSD M1[sl 4565.34]",525252,00:00:44:20,,,,,,,,,,,,
,93841861,01/12/2026 05:29,01/12/2026 05:47,XAUUSD,Sell,0.030,0.00000,4570.90000,4579.15000,4570.89000,0.0000,0.0000,826.0,24.78,1.15,"PythonX XAUUSD M1[tp 4570.90]",525252,00:00:18:47,,,,,,,,,,,,
,93839277,01/12/2026 04:10,01/12/2026 04:31,XAUUSD,Buy,0.020,4562.55000,0.00000,4568.26000,4562.39000,0.0000,0.0000,-587.0,-11.74,-0.54,"PythonX XAUUSD M1[sl 4562.55]",525252,00:00:21:18,,,,,,,,,,,,
,93838799,01/12/2026 04:01,01/12/2026 04:03,XAUUSD,Buy,0.010,4568.53000,0.00000,4574.14000,4568.12000,0.0000,0.0000,-602.0,-6.02,-0.28,"PythonX XAUUSD M1[sl 4568.53]",525252,00:00:02:20,,,,,,,,,,,,
,93832473,01/12/2026 02:35,01/12/2026 02:36,XAUUSD,Sell,0.010,4580.06000,0.00000,4574.34000,4580.09000,0.0000,0.0000,-575.0,-5.75,-0.26,"PythonX XAUUSD M1[sl 4580.06]",525252,00:00:01:25,,,,,,,,,,,,
,93831339,01/12/2026 02:21,01/12/2026 02:32,XAUUSD,Sell,0.010,4568.60000,0.00000,4562.76000,4568.76000,0.0000,0.0000,-600.0,-6.00,-0.27,"PythonX XAUUSD M1[sl 4568.60]",525252,00:00:11:17,,,,,,,,,,,,
,93764133,01/09/2026 10:09,01/09/2026 10:51,XAUUSD,Sell,0.010,0.00000,4465.37000,4473.72000,4465.33000,0.0000,0.0000,839.0,8.39,0.39,"PythonX XAUUSD M1[tp 4465.37]",525252,00:00:42:42,,,,,,,,,,,,
,93762184,01/09/2026 09:16,01/09/2026 10:02,XAUUSD,Buy,0.010,4466.83000,0.00000,4472.53000,4466.74000,0.0000,0.0000,-579.0,-5.79,-0.27,"PythonX XAUUSD M1[sl 4466.83]",525252,00:00:46:23,,,,,,,,,,,,
,93758905,01/09/2026 07:26,01/09/2026 07:34,XAUUSD,Buy,0.010,0.00000,4470.33000,4461.81000,4470.47000,0.0000,0.0000,866.0,8.66,0.40,"PythonX XAUUSD M1[tp 4470.33]",525252,00:00:08:58,,,,,,,,,,,,
,93756675,01/09/2026 05:15,01/09/2026 07:24,XAUUSD,Buy,0.010,4458.86000,0.00000,4464.61000,4458.84000,0.0000,0.0000,-577.0,-5.77,-0.26,"PythonX XAUUSD M1[sl 4458.86]",525252,00:02:09:08,,,,,,,,,,,,
,93756216,01/09/2026 04:56,01/09/2026 05:11,XAUUSD,Buy,0.010,4462.80000,0.00000,4468.50000,4462.74000,0.0000,0.0000,-576.0,-5.76,-0.26,"PythonX XAUUSD M1[sl 4462.80]",525252,00:00:15:29,,,,,,,,,,,,
,93754823,01/09/2026 04:06,01/09/2026 04:54,XAUUSD,Sell,0.010,0.00000,4465.87000,4474.09000,4465.87000,0.0000,0.0000,822.0,8.22,0.38,"PythonX XAUUSD M1[tp 4465.87]",525252,00:00:48:38,,,,,,,,,,,,
,93752717,01/09/2026 03:21,01/09/2026 03:45,XAUUSD,Buy,0.010,0.00000,4464.11000,4455.87000,4464.17000,0.0000,0.0000,830.0,8.30,0.38,"PythonX XAUUSD M1[tp 4464.11]",525252,00:00:24:48,,,,,,,,,,,,
,93691872,01/08/2026 12:57,01/08/2026 13:24,XAUUSD,Buy,0.010,4425.68000,0.00000,4431.41000,4425.62000,0.0000,0.0000,-579.0,-5.79,-0.27,"PythonX XAUUSD M1[sl 4425.68]",525252,00:00:27:33,,,,,,,,,,,,
,93690776,01/08/2026 12:23,01/08/2026 12:42,XAUUSD,Buy,0.010,0.00000,4434.10000,4425.80000,4434.29000,0.0000,0.0000,849.0,8.49,0.39,"PythonX XAUUSD M1[tp 4434.10]",525252,00:00:19:00,,,,,,,,,,,,
,93689418,01/08/2026 11:36,01/08/2026 12:20,XAUUSD,Sell,0.010,0.00000,4424.76000,4433.04000,4424.59000,0.0000,0.0000,845.0,8.45,0.39,"PythonX XAUUSD M1[tp 4424.76]",525252,00:00:44:01,,,,,,,,,,,,
,93686661,01/08/2026 10:06,01/08/2026 10:33,XAUUSD,Buy,0.010,4423.73000,0.00000,4429.63000,4423.69000,0.0000,0.0000,-594.0,-5.94,-0.27,"PythonX XAUUSD M1[sl 4423.73]",525252,00:00:27:28,,,,,,,,,,,,
,93685320,01/08/2026 09:14,01/08/2026 09:48,XAUUSD,Sell,0.010,0.00000,4428.93000,4437.17000,4428.93000,0.0000,0.0000,824.0,8.24,0.38,"PythonX XAUUSD M1[tp 4428.93]",525252,00:00:34:50,,,,,,,,,,,,
,93683920,01/08/2026 08:24,01/08/2026 08:30,XAUUSD,Sell,0.010,4428.63000,0.00000,4422.94000,4428.76000,0.0000,0.0000,-582.0,-5.82,-0.27,"PythonX XAUUSD M1[sl 4428.63]",525252,00:00:06:56,,,,,,,,,,,,
,93682624,01/08/2026 08:03,01/08/2026 08:04,XAUUSD,Sell,0.020,0.00000,4418.75000,4427.48000,4418.53000,0.0000,0.0000,895.0,17.90,0.84,"PythonX XAUUSD M1[tp 4418.75]",525252,00:00:01:54,,,,,,,,,,,,
,93676415,01/08/2026 04:39,01/08/2026 06:44,XAUUSD,Buy,0.010,4432.37000,0.00000,4438.30000,4432.37000,0.0000,0.0000,-593.0,-5.93,-0.28,"PythonX XAUUSD M1[sl 4432.37]",525252,00:02:05:26,,,,,,,,,,,,
,93675040,01/08/2026 04:07,01/08/2026 04:30,XAUUSD,Buy,0.010,4438.37000,0.00000,4444.12000,4438.37000,0.0000,0.0000,-575.0,-5.75,-0.27,"PythonX XAUUSD M1[sl 4438.37]",525252,00:00:23:02,,,,,,,,,,,,
,93673869,01/08/2026 03:48,01/08/2026 04:05,XAUUSD,Buy,0.010,4441.08000,0.00000,4446.82000,4440.76000,0.0000,0.0000,-606.0,-6.06,-0.28,"PythonX XAUUSD M1[sl 4441.08]",525252,00:00:17:30,,,,,,,,,,,,
,93672316,01/08/2026 03:13,01/08/2026 03:40,XAUUSD,Sell,0.020,0.00000,4449.37000,4457.71000,4449.37000,0.0000,0.0000,834.0,16.68,0.78,"PythonX XAUUSD M1[tp 4449.37]",525252,00:00:27:53,,,,,,,,,,,,
,93613492,01/07/2026 11:47,01/07/2026 13:26,XAUUSD,Buy,0.010,4456.52000,0.00000,4462.28000,4456.46000,0.0000,0.0000,-582.0,-5.82,-0.27,"PythonX XAUUSD M1[sl 4456.52]",525252,00:01:39:01,,,,,,,,,,,,
,93610303,01/07/2026 10:12,01/07/2026 10:37,XAUUSD,Sell,0.010,4470.66000,0.00000,4464.82000,4470.70000,0.0000,0.0000,-588.0,-5.88,-0.27,"PythonX XAUUSD M1[sl 4470.66]",525252,00:00:25:55,,,,,,,,,,,,
,93605954,01/07/2026 08:28,01/07/2026 08:35,XAUUSD,Buy,0.010,4448.09000,0.00000,4453.79000,4448.00000,0.0000,0.0000,-579.0,-5.79,-0.27,"PythonX XAUUSD M1[sl 4448.09]",525252,00:00:07:56,,,,,,,,,,,,
,93602347,01/07/2026 07:20,01/07/2026 07:33,XAUUSD,Sell,0.010,0.00000,4459.79000,4468.00000,4459.76000,0.0000,0.0000,824.0,8.24,0.38,"PythonX XAUUSD M1[tp 4459.79]",525252,00:00:13:00,,,,,,,,,,,,
,93598197,01/07/2026 04:34,01/07/2026 06:18,XAUUSD,Sell,0.010,0.00000,4467.70000,4476.39000,4467.57000,0.0000,0.0000,882.0,8.82,0.41,"PythonX XAUUSD M1[tp 4467.70]",525252,00:01:44:45,,,,,,,,,,,,
,93504040,01/06/2026 10:29,01/06/2026 11:03,XAUUSD,Sell,0.010,0.00000,0.00000,4472.42000,4464.16000,0.0000,0.0000,826.0,8.26,0.39,"PythonX XAUUSD M1",525252,00:00:34:18,,,,,,,,,,,,
,93502999,01/06/2026 09:59,01/06/2026 10:24,XAUUSD,Buy,0.010,0.00000,4468.20000,4460.00000,4468.22000,0.0000,0.0000,822.0,8.22,0.39,"PythonX XAUUSD M1[tp 4468.20]",525252,00:00:25:04,,,,,,,,,,,,
,93501560,01/06/2026 09:14,01/06/2026 09:52,XAUUSD,Sell,0.010,0.00000,4460.62000,4468.83000,4460.61000,0.0000,0.0000,822.0,8.22,0.39,"PythonX XAUUSD M1[tp 4460.62]",525252,00:00:38:36,,,,,,,,,,,,
,93500124,01/06/2026 08:32,01/06/2026 08:34,XAUUSD,Sell,0.010,4465.17000,0.00000,4459.47000,4465.26000,0.0000,0.0000,-579.0,-5.79,-0.27,"PythonX XAUUSD M1[sl 4465.17]",525252,00:00:02:23,,,,,,,,,,,,
,93499207,01/06/2026 07:59,01/06/2026 08:30,XAUUSD,Buy,0.010,0.00000,4461.34000,4453.04000,4461.34000,0.0000,0.0000,830.0,8.30,0.39,"PythonX XAUUSD M1[tp 4461.34]",525252,00:00:31:16,,,,,,,,,,,,
,93248325,12/30/2025 11:32,12/30/2025 12:18,XAUUSD,Buy,0.010,0.00000,4377.33000,4368.71000,4377.40000,0.0000,0.0000,869.0,8.69,0.41,"PythonX XAUUSD M1[tp 4377.33]",525252,00:00:46:10,,,,,,,,,,,,
,93244861,12/30/2025 09:42,12/30/2025 09:49,XAUUSD,Sell,0.010,4379.21000,0.00000,4373.51000,4379.28000,0.0000,0.0000,-577.0,-5.77,-0.27,"PythonX XAUUSD M1[sl 4379.21]",525252,00:00:07:28,,,,,,,,,,,,
,93243728,12/30/2025 09:09,12/30/2025 09:15,XAUUSD,Buy,0.010,0.00000,4370.53000,4362.39000,4370.66000,0.0000,0.0000,827.0,8.27,0.39,"PythonX XAUUSD M1[tp 4370.53]",525252,00:00:06:45,,,,,,,,,,,,
,93236837,12/30/2025 04:56,12/30/2025 05:25,XAUUSD,Sell,0.010,4367.81000,0.00000,4362.11000,4367.85000,0.0000,0.0000,-574.0,-5.74,-0.27,"PythonX XAUUSD M1[sl 4367.81]",525252,00:00:29:45,,,,,,,,,,,,
,93236672,12/30/2025 04:48,12/30/2025 04:53,XAUUSD,Sell,0.010,4363.37000,0.00000,4357.68000,4363.41000,0.0000,0.0000,-573.0,-5.73,-0.27,"PythonX XAUUSD M1[sl 4363.37]",525252,00:00:05:38,,,,,,,,,,,,
,93177112,12/29/2025 10:19,12/29/2025 10:30,XAUUSD,Sell,0.030,0.00000,4476.17000,4484.36000,4476.16000,0.0000,0.0000,820.0,24.60,1.18,"PythonX XAUUSD M1[tp 4476.17]",525252,00:00:11:50,,,,,,,,,,,,
,93171534,12/29/2025 08:32,12/29/2025 08:39,XAUUSD,Buy,0.020,4489.46000,0.00000,4495.19000,4489.38000,0.0000,0.0000,-581.0,-11.62,-0.55,"PythonX XAUUSD M1[sl 4489.46]",525252,00:00:07:19,,,,,,,,,,,,
,93169004,12/29/2025 07:11,12/29/2025 07:59,XAUUSD,Buy,0.010,4507.39000,0.00000,4513.10000,4507.25000,0.0000,0.0000,-585.0,-5.85,-0.28,"PythonX XAUUSD M1[sl 4507.39]",525252,00:00:48:04,,,,,,,,,,,,
,93165290,12/29/2025 04:24,12/29/2025 04:46,XAUUSD,Sell,0.010,4516.09000,0.00000,4510.37000,4516.21000,0.0000,0.0000,-584.0,-5.84,-0.28,"PythonX XAUUSD M1[sl 4516.09]",525252,00:00:22:38,,,,,,,,,,,,
,93162857,12/29/2025 03:30,12/29/2025 03:41,XAUUSD,Buy,0.010,4494.21000,0.00000,4499.93000,4494.12000,0.0000,0.0000,-581.0,-5.81,-0.27,"PythonX XAUUSD M1[sl 4494.21]",525252,00:00:11:37,,,,,,,,,,,,
,93119915,12/26/2025 12:43,12/26/2025 13:03,XAUUSD,Buy,0.010,4511.17000,0.00000,4516.88000,4511.15000,0.0000,0.0000,-573.0,-5.73,-0.27,"PythonX XAUUSD M1[sl 4511.17]",525252,00:00:20:23,,,,,,,,,,,,
,93118258,12/26/2025 11:29,12/26/2025 12:19,XAUUSD,Sell,0.010,4522.67000,0.00000,4516.89000,4523.09000,0.0000,0.0000,-620.0,-6.20,-0.29,"PythonX XAUUSD M1[sl 4522.67]",525252,00:00:50:47,,,,,,,,,,,,
,93116913,12/26/2025 09:46,12/26/2025 10:48,XAUUSD,Buy,0.010,0.00000,4518.07000,4509.78000,4518.07000,0.0000,0.0000,829.0,8.29,0.39,"PythonX XAUUSD M1[tp 4518.07]",525252,00:01:02:09,,,,,,,,,,,,
,93112939,12/26/2025 06:15,12/26/2025 07:30,XAUUSD,Sell,0.010,4513.25000,0.00000,4507.55000,4513.39000,0.0000,0.0000,-584.0,-5.84,-0.27,"PythonX XAUUSD M1[sl 4513.25]",525252,00:01:15:51,,,,,,,,,,,,
,93111147,12/26/2025 05:18,12/26/2025 05:29,XAUUSD,Sell,0.010,0.00000,4503.16000,4511.46000,4503.14000,0.0000,0.0000,832.0,8.32,0.39,"PythonX XAUUSD M1[tp 4503.16]",525252,00:00:11:55,,,,,,,,,,,,
,93109521,12/26/2025 04:14,12/26/2025 04:31,XAUUSD,Sell,0.010,0.00000,4497.66000,4505.96000,4495.69000,0.0000,0.0000,1027.0,10.27,0.49,"PythonX XAUUSD M1[tp 4497.66]",525252,00:00:17:21,,,,,,,,,,,,
,93003320,12/23/2025 08:15,12/23/2025 08:51,XAUUSD,Buy,0.010,0.00000,4480.08000,4471.73000,4480.18000,0.0000,0.0000,845.0,8.45,0.40,"PythonX XAUUSD M1[tp 4480.08]",525252,00:00:36:04,,,,,,,,,,,,
,93003023,12/23/2025 08:02,12/23/2025 08:12,XAUUSD,Buy,0.010,4470.61000,0.00000,4476.37000,4470.60000,0.0000,0.0000,-577.0,-5.77,-0.27,"PythonX XAUUSD M1[sl 4470.61]",525252,00:00:10:08,,,,,,,,,,,,
,93001131,12/23/2025 06:08,12/23/2025 07:19,XAUUSD,Sell,0.010,0.00000,4477.79000,4486.08000,4477.76000,0.0000,0.0000,832.0,8.32,0.40,"PythonX XAUUSD M1[tp 4477.79]",525252,00:01:11:37,,,,,,,,,,,,
,92999506,12/23/2025 05:04,12/23/2025 05:14,XAUUSD,Sell,0.010,0.00000,4486.98000,4495.27000,4486.98000,0.0000,0.0000,829.0,8.29,0.40,"PythonX XAUUSD M1[tp 4486.98]",525252,00:00:10:28,,,,,,,,,,,,
,92969932,12/22/2025 16:49,12/22/2025 16:59,XAUUSD,Sell,0.010,0.00000,4418.20000,4426.22000,4418.11000,0.0000,0.0000,811.0,8.11,0.39,"PythonX XAUUSD M1[tp 4418.20]",525252,00:00:10:09,,,,,,,,,,,,
,92962129,12/22/2025 15:45,12/22/2025 16:34,XAUUSD,Sell,0.010,0.00000,4415.38000,4423.65000,4415.28000,0.0000,0.0000,837.0,8.37,0.40,"PythonX XAUUSD M1[tp 4415.38]",525252,00:00:49:17,,,,,,,,,,,,
,92947613,12/22/2025 11:11,12/22/2025 15:00,XAUUSD,Sell,0.010,4416.40000,0.00000,4411.04000,4416.67000,0.0000,0.0000,-563.0,-5.63,-0.27,"PythonX XAUUSD M1[sl 4416.40]",525252,00:03:49:02,,,,,,,,,,,,
,92944162,12/22/2025 09:03,12/22/2025 10:27,XAUUSD,Sell,0.010,0.00000,4410.05000,4418.34000,4409.95000,0.0000,0.0000,839.0,8.39,0.40,"PythonX XAUUSD M1[tp 4410.05]",525252,00:01:24:39,,,,,,,,,,,,
,92942562,12/22/2025 07:34,12/22/2025 08:46,XAUUSD,Sell,0.010,4411.18000,0.00000,4405.42000,4411.21000,0.0000,0.0000,-579.0,-5.79,-0.28,"PythonX XAUUSD M1[sl 4411.18]",525252,00:01:12:13,,,,,,,,,,,,
,92941100,12/22/2025 05:39,12/22/2025 06:11,XAUUSD,Sell,0.010,4396.71000,0.00000,4391.01000,4396.74000,0.0000,0.0000,-573.0,-5.73,-0.27,"PythonX XAUUSD M1[sl 4396.71]",525252,00:00:32:00,,,,,,,,,,,,
,92864434,12/19/2025 09:33,12/19/2025 11:45,XAUUSD,Sell,0.010,4333.16000,0.00000,4327.44000,4333.24000,0.0000,0.0000,-580.0,-5.80,-0.28,"PythonX XAUUSD M1[sl 4333.16]",525252,00:02:12:16,,,,,,,,,,,,
,92861369,12/19/2025 05:03,12/19/2025 07:00,XAUUSD,Buy,0.010,0.00000,4323.37000,4315.07000,4323.37000,0.0000,0.0000,830.0,8.30,0.40,"PythonX XAUUSD M1[tp 4323.37]",525252,00:01:57:12,,,,,,,,,,,,
,92860026,12/19/2025 04:04,12/19/2025 04:41,XAUUSD,Sell,0.010,0.00000,4317.75000,4326.10000,4317.65000,0.0000,0.0000,845.0,8.45,0.41,"PythonX XAUUSD M1[tp 4317.75]",525252,00:00:37:15,,,,,,,,,,,,
,92858873,12/19/2025 03:27,12/19/2025 03:28,XAUUSD,Buy,0.010,4312.62000,0.00000,4318.26000,4312.57000,0.0000,0.0000,-569.0,-5.69,-0.27,"PythonX XAUUSD M1[sl 4312.62]",525252,00:00:01:42,,,,,,,,,,,,
,92792242,12/18/2025 05:18,12/18/2025 10:05,XAUUSD,Sell,0.010,0.00000,4326.33000,4334.56000,4326.29000,0.0000,0.0000,827.0,8.27,0.40,"PythonX XAUUSD M1[tp 4326.33]",525252,00:04:47:08,,,,,,,,,,,,
,92789971,12/18/2025 03:22,12/18/2025 04:35,XAUUSD,Buy,0.010,0.00000,4337.30000,4328.96000,4337.32000,0.0000,0.0000,836.0,8.36,0.41,"PythonX XAUUSD M1[tp 4337.30]",525252,00:01:13:55,,,,,,,,,,,,
,92789108,12/18/2025 02:52,12/18/2025 03:12,XAUUSD,Buy,0.010,4328.62000,0.00000,4334.28000,4328.60000,0.0000,0.0000,-568.0,-5.68,-0.27,"PythonX XAUUSD M1[sl 4328.62]",525252,00:00:20:53,,,,,,,,,,,,
,92737674,12/17/2025 10:43,12/17/2025 12:38,XAUUSD,Sell,0.020,0.00000,4310.09000,4318.39000,4310.03000,0.0000,0.0000,836.0,16.72,0.81,"PythonX XAUUSD M1[tp 4310.09]",525252,00:01:55:01,,,,,,,,,,,,
,92732369,12/17/2025 07:14,12/17/2025 07:23,XAUUSD,Sell,0.010,4337.91000,0.00000,4332.28000,4338.05000,0.0000,0.0000,-577.0,-5.77,-0.28,"PythonX XAUUSD M1[sl 4337.91]",525252,00:00:09:34,,,,,,,,,,,,
,92730344,12/17/2025 05:06,12/17/2025 05:42,XAUUSD,Sell,0.010,4323.32000,0.00000,4317.60000,4323.32000,0.0000,0.0000,-572.0,-5.72,-0.28,"PythonX XAUUSD M1[sl 4323.32]",525252,00:00:36:23,,,,,,,,,,,,
,92729908,12/17/2025 04:38,12/17/2025 04:53,XAUUSD,Buy,0.010,4311.39000,0.00000,4317.10000,4311.35000,0.0000,0.0000,-575.0,-5.75,-0.28,"PythonX XAUUSD M1[sl 4311.39]",525252,00:00:15:50,,,,,,,,,,,,
,92728754,12/17/2025 03:56,12/17/2025 04:35,XAUUSD,Sell,0.010,0.00000,4316.55000,4324.90000,4316.52000,0.0000,0.0000,838.0,8.38,0.41,"PythonX XAUUSD M1[tp 4316.55]",525252,00:00:39:49,,,,,,,,,,,,
,92727605,12/17/2025 03:14,12/17/2025 03:35,XAUUSD,Sell,0.010,4323.42000,0.00000,4317.66000,4323.66000,0.0000,0.0000,-600.0,-6.00,-0.29,"PythonX XAUUSD M1[sl 4323.42]",525252,00:00:21:10,,,,,,,,,,,,
,92643656,12/16/2025 10:49,12/16/2025 12:30,XAUUSD,Sell,0.010,0.00000,4276.58000,4284.98000,4276.49000,0.0000,0.0000,849.0,8.49,0.41,"PythonX XAUUSD M1[tp 4276.58]",525252,00:01:41:25,,,,,,,,,,,,
,92633213,12/16/2025 09:29,12/16/2025 10:30,XAUUSD,Buy,0.010,4275.65000,0.00000,4281.43000,4275.58000,0.0000,0.0000,-585.0,-5.85,-0.28,"PythonX XAUUSD M1[sl 4275.65]",525252,00:01:01:52,,,,,,,,,,,,
,92629414,12/16/2025 08:41,12/16/2025 09:22,XAUUSD,Sell,0.010,0.00000,4282.89000,4291.21000,4282.87000,0.0000,0.0000,834.0,8.34,0.41,"PythonX XAUUSD M1[tp 4282.89]",525252,00:00:41:52,,,,,,,,,,,,
,92594015,12/16/2025 03:39,12/16/2025 03:56,XAUUSD,Sell,0.010,0.00000,4307.34000,4315.55000,4307.34000,0.0000,0.0000,821.0,8.21,0.40,"PythonX XAUUSD M1[tp 4307.34]",525252,00:00:17:53,,,,,,,,,,,,
,92586837,12/16/2025 02:55,12/16/2025 03:01,XAUUSD,Buy,0.010,4304.08000,0.00000,4309.92000,4304.08000,0.0000,0.0000,-584.0,-5.84,-0.28,"PythonX XAUUSD M1[sl 4304.08]",525252,00:00:06:29,,,,,,,,,,,,
,92466582,12/15/2025 15:51,12/15/2025 15:57,XAUUSD,Sell,0.020,0.00000,4334.01000,4342.48000,4333.96000,0.0000,0.0000,852.0,17.04,0.84,"PythonX XAUUSD M1[tp 4334.01]",525252,00:00:06:41,,,,,,,,,,,,
,92451059,12/15/2025 12:35,12/15/2025 15:11,XAUUSD,Buy,0.010,4334.86000,0.00000,4340.54000,4334.81000,0.0000,0.0000,-573.0,-5.73,-0.28,"PythonX XAUUSD M1[sl 4334.86]",525252,00:02:36:21,,,,,,,,,,,,
,92449940,12/15/2025 11:50,12/15/2025 12:31,XAUUSD,Buy,0.010,4339.06000,0.00000,4344.73000,4338.88000,0.0000,0.0000,-585.0,-5.85,-0.29,"PythonX XAUUSD M1[sl 4339.06]",525252,00:00:41:56,,,,,,,,,,,,
,92447831,12/15/2025 10:09,12/15/2025 10:50,XAUUSD,Sell,0.010,4348.71000,0.00000,4342.97000,4348.80000,0.0000,0.0000,-583.0,-5.83,-0.28,"PythonX XAUUSD M1[sl 4348.71]",525252,00:00:41:26,,,,,,,,,,,,
,92445458,12/15/2025 08:01,12/15/2025 09:41,XAUUSD,Sell,0.010,0.00000,4334.20000,4342.45000,4334.05000,0.0000,0.0000,840.0,8.40,0.41,"PythonX XAUUSD M1[tp 4334.20]",525252,00:01:40:24,,,,,,,,,,,,
,92441950,12/15/2025 04:35,12/15/2025 07:30,XAUUSD,Sell,0.010,4332.56000,0.00000,4327.06000,4332.56000,0.0000,0.0000,-550.0,-5.50,-0.27,"PythonX XAUUSD M1[sl 4332.56]",525252,00:02:55:50,,,,,,,,,,,,
,92360161,12/12/2025 07:24,12/12/2025 07:31,XAUUSD,Sell,0.020,4277.47000,0.00000,4271.76000,4277.57000,0.0000,0.0000,-581.0,-11.62,-0.56,"PythonX XAUUSD M1[sl 4277.47]",525252,00:00:07:03,,,,,,,,,,,,
,92358624,12/12/2025 04:50,12/12/2025 07:00,XAUUSD,Buy,0.010,4265.94000,0.00000,4271.64000,4265.94000,0.0000,0.0000,-570.0,-5.70,-0.28,"PythonX XAUUSD M1[sl 4265.94]",525252,00:02:10:01,,,,,,,,,,,,
,92357298,12/12/2025 03:45,12/12/2025 04:09,XAUUSD,Sell,0.010,4274.59000,0.00000,4268.91000,4274.59000,0.0000,0.0000,-568.0,-5.68,-0.27,"PythonX XAUUSD M1[sl 4274.59]",525252,00:00:24:21,,,,,,,,,,,,
,92355676,12/12/2025 02:56,12/12/2025 03:06,XAUUSD,Buy,0.010,4266.38000,0.00000,4272.16000,4266.35000,0.0000,0.0000,-581.0,-5.81,-0.28,"PythonX XAUUSD M1[sl 4266.38]",525252,00:00:10:02,,,,,,,,,,,,
,92296987,12/11/2025 14:04,12/11/2025 14:31,XAUUSD,Buy,0.010,0.00000,4218.73000,4210.29000,4218.77000,0.0000,0.0000,848.0,8.48,0.41,"PythonX XAUUSD M1[tp 4218.73]",525252,00:00:27:11,,,,,,,,,,,,
,92294900,12/11/2025 12:58,12/11/2025 14:02,XAUUSD,Sell,0.010,0.00000,4209.53000,4217.82000,4209.42000,0.0000,0.0000,840.0,8.40,0.41,"PythonX XAUUSD M1[tp 4209.53]",525252,00:01:04:13,,,,,,,,,,,,
,92294081,12/11/2025 12:26,12/11/2025 12:31,XAUUSD,Buy,0.010,4212.01000,0.00000,4217.71000,4211.90000,0.0000,0.0000,-581.0,-5.81,-0.28,"PythonX XAUUSD M1[sl 4212.01]",525252,00:00:05:00,,,,,,,,,,,,
,92290155,12/11/2025 10:13,12/11/2025 12:03,XAUUSD,Sell,0.010,4222.74000,0.00000,4217.10000,4222.76000,0.0000,0.0000,-566.0,-5.66,-0.27,"PythonX XAUUSD M1[sl 4222.74]",525252,00:01:50:53,,,,,,,,,,,,
,92286724,12/11/2025 07:42,12/11/2025 09:48,XAUUSD,Buy,0.010,0.00000,4218.50000,4210.20000,4218.51000,0.0000,0.0000,831.0,8.31,0.40,"PythonX XAUUSD M1[tp 4218.50]",525252,00:02:06:15,,,,,,,,,,,,
,92284269,12/11/2025 05:51,12/11/2025 06:47,XAUUSD,Sell,0.010,0.00000,4209.24000,4217.54000,4209.14000,0.0000,0.0000,840.0,8.40,0.41,"PythonX XAUUSD M1[tp 4209.24]",525252,00:00:56:16,,,,,,,,,,,,
,92281598,12/11/2025 04:33,12/11/2025 04:36,XAUUSD,Buy,0.010,4223.85000,0.00000,4229.64000,4223.67000,0.0000,0.0000,-597.0,-5.97,-0.29,"PythonX XAUUSD M1[sl 4223.85]",525252,00:00:03:02,,,,,,,,,,,,
,92280707,12/11/2025 04:03,12/11/2025 04:29,XAUUSD,Sell,0.010,0.00000,4230.89000,4239.19000,4230.81000,0.0000,0.0000,838.0,8.38,0.41,"PythonX XAUUSD M1[tp 4230.89]",525252,00:00:26:20,,,,,,,,,,,,
,92239558,12/10/2025 17:19,12/10/2025 18:30,XAUUSD,Buy,0.020,0.00000,4200.95000,4192.60000,4200.97000,0.0000,0.0000,837.0,16.74,0.82,"PythonX XAUUSD M1[tp 4200.95]",525252,00:01:11:42,,,,,,,,,,,,
,92206734,12/10/2025 11:05,12/10/2025 12:05,XAUUSD,Buy,0.010,4192.05000,0.00000,4197.79000,4191.69000,0.0000,0.0000,-610.0,-6.10,-0.30,"PythonX XAUUSD M1[sl 4192.05]",525252,00:01:00:09,,,,,,,,,,,,
,92206209,12/10/2025 10:47,12/10/2025 11:03,XAUUSD,Buy,0.010,4195.72000,0.00000,4201.29000,4195.71000,0.0000,0.0000,-558.0,-5.58,-0.27,"PythonX XAUUSD M1[sl 4195.72]",525252,00:00:16:18,,,,,,,,,,,,
,92202217,12/10/2025 08:25,12/10/2025 10:44,XAUUSD,Buy,0.010,4199.54000,0.00000,4205.19000,4199.54000,0.0000,0.0000,-565.0,-5.65,-0.27,"PythonX XAUUSD M1[sl 4199.54]",525252,00:02:19:07,,,,,,,,,,,,
,92200043,12/10/2025 07:19,12/10/2025 07:44,XAUUSD,Buy,0.010,0.00000,4211.43000,4203.05000,4211.43000,0.0000,0.0000,838.0,8.38,0.41,"PythonX XAUUSD M1[tp 4211.43]",525252,00:00:25:13,,,,,,,,,,,,
,92197185,12/10/2025 04:08,12/10/2025 05:39,XAUUSD,Sell,0.010,0.00000,4207.50000,4215.81000,4207.49000,0.0000,0.0000,832.0,8.32,0.41,"PythonX XAUUSD M1[tp 4207.50]",525252,00:01:31:40,,,,,,,,,,,,
,92141409,12/09/2025 15:33,12/09/2025 16:11,XAUUSD,Buy,0.010,4192.97000,0.00000,4198.48000,4192.91000,0.0000,0.0000,-557.0,-5.57,-0.27,"PythonX XAUUSD M1[sl 4192.97]",525252,00:00:38:27,,,,,,,,,,,,
,92133629,12/09/2025 14:52,12/09/2025 15:30,XAUUSD,Sell,0.010,0.00000,4197.40000,4205.40000,4197.38000,0.0000,0.0000,802.0,8.02,0.39,"PythonX XAUUSD M1[tp 4197.40]",525252,00:00:38:33,,,,,,,,,,,,
,92122871,12/09/2025 11:21,12/09/2025 14:19,XAUUSD,Sell,0.050,0.00000,4199.87000,4208.25000,4199.85000,0.0000,0.0000,840.0,42.00,2.10,"PythonX XAUUSD M1[tp 4199.87]",525252,00:02:58:17,,,,,,,,,,,,
,92121033,12/09/2025 10:46,12/09/2025 11:03,XAUUSD,Sell,0.030,4195.40000,0.00000,4189.86000,4195.99000,0.0000,0.0000,-613.0,-18.39,-0.91,"PythonX XAUUSD M1[sl 4195.40]",525252,00:00:17:00,,,,,,,,,,,,
,92118268,12/09/2025 08:37,12/09/2025 10:14,XAUUSD,Sell,0.020,4188.19000,0.00000,4182.56000,4188.25000,0.0000,0.0000,-569.0,-11.38,-0.56,"PythonX XAUUSD M1[sl 4188.19]",525252,00:01:37:08,,,,,,,,,,,,
,92117943,12/09/2025 08:31,12/09/2025 08:35,XAUUSD,Sell,0.010,4183.41000,0.00000,4177.75000,4183.41000,0.0000,0.0000,-566.0,-5.66,-0.28,"PythonX XAUUSD M1[sl 4183.41]",525252,00:00:04:31,,,,,,,,,,,,
,92116612,12/09/2025 07:53,12/09/2025 08:09,XAUUSD,Buy,0.010,4175.17000,0.00000,4180.87000,4174.88000,0.0000,0.0000,-599.0,-5.99,-0.29,"PythonX XAUUSD M1[sl 4175.17]",525252,00:00:16:33,,,,,,,,,,,,
,92115277,12/09/2025 06:56,12/09/2025 07:42,XAUUSD,Buy,0.010,4181.24000,0.00000,4186.99000,4181.14000,0.0000,0.0000,-585.0,-5.85,-0.29,"PythonX XAUUSD M1[sl 4181.24]",525252,00:00:46:49,,,,,,,,,,,,
,92113023,12/09/2025 05:25,12/09/2025 06:52,XAUUSD,Sell,0.010,0.00000,4187.92000,4196.22000,4187.91000,0.0000,0.0000,831.0,8.31,0.41,"PythonX XAUUSD M1[tp 4187.92]",525252,00:01:27:36,,,,,,,,,,,,
,92111340,12/09/2025 04:33,12/09/2025 05:23,XAUUSD,Buy,0.010,0.00000,4196.66000,4188.35000,4196.68000,0.0000,0.0000,833.0,8.33,0.41,"PythonX XAUUSD M1[tp 4196.66]",525252,00:00:50:30,,,,,,,,,,,,
,92110121,12/09/2025 03:39,12/09/2025 04:30,XAUUSD,Sell,0.010,0.00000,4187.58000,4195.76000,4187.58000,0.0000,0.0000,818.0,8.18,0.41,"PythonX XAUUSD M1[tp 4187.58]",525252,00:00:51:30,,,,,,,,,,,,
,92048212,12/08/2025 10:49,12/08/2025 13:05,XAUUSD,Sell,0.010,0.00000,4201.15000,4209.59000,4201.07000,0.0000,0.0000,852.0,8.52,0.42,"PythonX XAUUSD M1[tp 4201.15]",525252,00:02:16:01,,,,,,,,,,,,
,92045255,12/08/2025 08:05,12/08/2025 09:46,XAUUSD,Sell,0.010,0.00000,4208.87000,4217.15000,4208.82000,0.0000,0.0000,833.0,8.33,0.42,"PythonX XAUUSD M1[tp 4208.87]",525252,00:01:41:31,,,,,,,,,,,,
,92042981,12/08/2025 05:39,12/08/2025 08:00,XAUUSD,Buy,0.010,0.00000,4217.00000,4208.70000,4217.05000,0.0000,0.0000,835.0,8.35,0.42,"PythonX XAUUSD M1[tp 4217.00]",525252,00:02:21:00,,,,,,,,,,,,
,91873513,12/04/2025 09:31,12/04/2025 11:00,XAUUSD,Buy,0.010,4184.42000,0.00000,4190.11000,4184.27000,0.0000,0.0000,-584.0,-5.84,-0.29,"PythonX XAUUSD M1[sl 4184.42]",525252,00:01:29:38,,,,,,,,,,,,
,51611036,12/04/2025 08:33,,,Withdrawal,0.000,0.00000,0.00000,0.00000,0.00000,0.0000,0.0000,0.0,-800.00,0,"CORR:FA57VU",0,00:00:00:00,,,,,,,,,,,,
,91866834,12/04/2025 05:07,12/04/2025 07:37,XAUUSD,Buy,0.010,4189.23000,0.00000,4194.70000,4189.17000,0.0000,0.0000,-553.0,-5.53,-0.20,"PythonX XAUUSD M1[sl 4189.23]",525252,00:02:30:35,,,,,,,,,,,,
,91865849,12/04/2025 04:28,12/04/2025 05:02,XAUUSD,Sell,0.010,0.00000,4197.25000,4205.58000,4196.39000,0.0000,0.0000,919.0,9.19,0.33,"PythonX XAUUSD M1[tp 4197.25]",525252,00:00:34:18,,,,,,,,,,,,
,91799314,12/03/2025 11:11,12/03/2025 13:59,XAUUSD,Buy,0.010,0.00000,4208.07000,4199.76000,4208.13000,0.0000,0.0000,837.0,8.37,0.30,"PythonX XAUUSD M1[tp 4208.07]",525252,00:02:48:05,,,,,,,,,,,,
,91794609,12/03/2025 08:26,12/03/2025 09:32,XAUUSD,Sell,0.030,0.00000,4201.16000,4209.46000,4201.16000,0.0000,0.0000,830.0,24.90,0.90,"PythonX XAUUSD M1[tp 4201.16]",525252,00:01:06:32,,,,,,,,,,,,
,91792773,12/03/2025 06:57,12/03/2025 07:31,XAUUSD,Buy,0.020,4215.68000,0.00000,4221.38000,4215.64000,0.0000,0.0000,-574.0,-11.48,-0.41,"PythonX XAUUSD M1[sl 4215.68]",525252,00:00:34:30,,,,,,,,,,,,
,91791673,12/03/2025 05:38,12/03/2025 06:04,XAUUSD,Buy,0.010,4217.96000,0.00000,4223.73000,4217.81000,0.0000,0.0000,-592.0,-5.92,-0.21,"PythonX XAUUSD M1[sl 4217.96]",525252,00:00:26:00,,,,,,,,,,,,
,91790002,12/03/2025 04:09,12/03/2025 04:39,XAUUSD,Sell,0.010,4228.29000,0.00000,4222.42000,4228.33000,0.0000,0.0000,-591.0,-5.91,-0.21,"PythonX XAUUSD M1[sl 4228.29]",525252,00:00:30:49,,,,,,,,,,,,
,91788192,12/03/2025 03:03,12/03/2025 04:05,XAUUSD,Sell,0.010,4222.49000,0.00000,4216.73000,4222.52000,0.0000,0.0000,-579.0,-5.79,-0.21,"PythonX XAUUSD M1[sl 4222.49]",525252,00:01:02:25,,,,,,,,,,,,
,91718376,12/02/2025 08:57,12/02/2025 11:06,XAUUSD,Sell,0.010,0.00000,4206.25000,4214.61000,4206.09000,0.0000,0.0000,852.0,8.52,0.31,"PythonX XAUUSD M1[tp 4206.25]",525252,00:02:09:13,,,,,,,,,,,,
,91715314,12/02/2025 07:26,12/02/2025 08:22,XAUUSD,Sell,0.010,0.00000,4213.56000,4221.84000,4213.44000,0.0000,0.0000,840.0,8.40,0.30,"PythonX XAUUSD M1[tp 4213.56]",525252,00:00:56:14,,,,,,,,,,,,
,91712745,12/02/2025 04:51,12/02/2025 06:33,XAUUSD,Sell,0.010,0.00000,4214.46000,4222.75000,4214.23000,0.0000,0.0000,852.0,8.52,0.31,"PythonX XAUUSD M1[tp 4214.46]",525252,00:01:42:57,,,,,,,,,,,,
,91709670,12/02/2025 03:15,12/02/2025 03:19,XAUUSD,Buy,0.010,0.00000,4214.07000,4205.34000,4214.28000,0.0000,0.0000,894.0,8.94,0.32,"PythonX XAUUSD M1[tp 4214.07]",525252,00:00:04:50,,,,,,,,,,,,
,91655153,12/01/2025 11:24,12/01/2025 12:04,XAUUSD,Sell,0.010,4255.01000,0.00000,4249.19000,4255.01000,0.0000,0.0000,-582.0,-5.82,-0.21,"PythonX XAUUSD M1[sl 4255.01]",525252,00:00:40:27,,,,,,,,,,,,
,91653559,12/01/2025 10:34,12/01/2025 10:42,XAUUSD,Buy,0.010,4242.67000,0.00000,4248.36000,4242.61000,0.0000,0.0000,-575.0,-5.75,-0.21,"PythonX XAUUSD M1[sl 4242.67]",525252,00:00:08:29,,,,,,,,,,,,
,91651977,12/01/2025 09:47,12/01/2025 10:09,XAUUSD,Buy,0.020,0.00000,4249.20000,4241.03000,4249.28000,0.0000,0.0000,825.0,16.50,0.60,"PythonX XAUUSD M1[tp 4249.20]",525252,00:00:22:02,,,,,,,,,,,,
,91650253,12/01/2025 08:33,12/01/2025 08:47,XAUUSD,Sell,0.010,4239.04000,0.00000,4233.34000,4239.18000,0.0000,0.0000,-584.0,-5.84,-0.21,"PythonX XAUUSD M1[sl 4239.04]",525252,00:00:14:56,,,,,,,,,,,,
,91643968,12/01/2025 04:50,12/01/2025 06:53,XAUUSD,Sell,0.010,4246.04000,0.00000,4240.37000,4246.08000,0.0000,0.0000,-571.0,-5.71,-0.21,"PythonX XAUUSD M1[sl 4246.04]",525252,00:02:03:14,,,,,,,,,,,,
,91643107,12/01/2025 04:27,12/01/2025 04:30,XAUUSD,Buy,0.010,4239.17000,0.00000,4244.87000,4239.16000,0.0000,0.0000,-571.0,-5.71,-0.21,"PythonX XAUUSD M1[sl 4239.17]",525252,00:00:03:51,,,,,,,,,,,,
,91642262,12/01/2025 04:01,12/01/2025 04:22,XAUUSD,Sell,0.010,0.00000,4243.17000,4251.45000,4242.91000,0.0000,0.0000,854.0,8.54,0.31,"PythonX XAUUSD M1[tp 4243.17]",525252,00:00:21:12,,,,,,,,,,,,
,91640824,12/01/2025 03:34,12/01/2025 03:39,XAUUSD,Sell,0.010,4242.64000,0.00000,4236.89000,4243.20000,0.0000,0.0000,-631.0,-6.31,-0.23,"PythonX XAUUSD M1[sl 4242.64]",525252,00:00:05:35,,,,,,,,,,,,
,91639812,12/01/2025 03:11,12/01/2025 03:27,XAUUSD,Buy,0.010,0.00000,4233.33000,4225.40000,4233.52000,0.0000,0.0000,812.0,8.12,0.29,"PythonX XAUUSD M1[tp 4233.33]",525252,00:00:16:26,,,,,,,,,,,,
,91639044,12/01/2025 02:57,12/01/2025 03:04,XAUUSD,Sell,0.010,0.00000,4224.20000,4232.49000,4224.11000,0.0000,0.0000,838.0,8.38,0.30,"PythonX XAUUSD M1[tp 4224.20]",525252,00:00:07:53,,,,,,,,,,,,
,91637939,12/01/2025 02:25,12/01/2025 02:27,XAUUSD,Buy,0.010,0.00000,4228.49000,4220.30000,4228.56000,0.0000,0.0000,826.0,8.26,0.30,"PythonX XAUUSD M1[tp 4228.49]",525252,00:00:02:54,,,,,,,,,,,,
,91572140,11/28/2025 12:36,11/28/2025 13:02,XAUUSD,Buy,0.010,0.00000,0.00000,4164.87000,4170.64000,0.0000,0.0000,577.0,5.77,0.21,"PythonX XAUUSD M1",525252,00:00:26:41,,,,,,,,,,,,
,91571710,11/28/2025 12:28,11/28/2025 12:33,XAUUSD,Buy,0.010,4164.65000,0.00000,4170.35000,4164.37000,0.0000,0.0000,-598.0,-5.98,-0.22,"PythonX XAUUSD M1[sl 4164.65]",525252,00:00:05:37,,,,,,,,,,,,
,91559872,11/28/2025 07:55,11/28/2025 09:46,XAUUSD,Buy,0.010,4178.91000,0.00000,4184.61000,4178.89000,0.0000,0.0000,-572.0,-5.72,-0.21,"PythonX XAUUSD M1[sl 4178.91]",525252,00:01:51:13,,,,,,,,,,,,
,91502419,11/27/2025 08:47,11/27/2025 10:02,XAUUSD,Buy,0.010,0.00000,4162.71000,4154.13000,4162.76000,0.0000,0.0000,863.0,8.63,0.32,"PythonX XAUUSD M1[tp 4162.71]",525252,00:01:15:43,,,,,,,,,,,,
,91499621,11/27/2025 07:49,11/27/2025 08:34,XAUUSD,Buy,0.010,0.00000,4156.79000,4148.48000,4156.90000,0.0000,0.0000,842.0,8.42,0.31,"PythonX XAUUSD M1[tp 4156.79]",525252,00:00:45:28,,,,,,,,,,,,
,91498516,11/27/2025 06:56,11/27/2025 07:45,XAUUSD,Buy,0.010,4146.50000,0.00000,4152.12000,4146.44000,0.0000,0.0000,-568.0,-5.68,-0.21,"PythonX XAUUSD M1[sl 4146.50]",525252,00:00:49:20,,,,,,,,,,,,
,91497155,11/27/2025 05:15,11/27/2025 06:37,XAUUSD,Sell,0.010,4153.95000,0.00000,4148.37000,4153.97000,0.0000,0.0000,-560.0,-5.60,-0.20,"PythonX XAUUSD M1[sl 4153.95]",525252,00:01:22:00,,,,,,,,,,,,
,91496585,11/27/2025 04:41,11/27/2025 04:56,XAUUSD,Sell,0.010,0.00000,4145.65000,4153.90000,4145.65000,0.0000,0.0000,825.0,8.25,0.30,"PythonX XAUUSD M1[tp 4145.65]",525252,00:00:15:23,,,,,,,,,,,,
,91449821,11/26/2025 15:23,11/26/2025 15:44,XAUUSD,Sell,0.010,0.00000,4153.85000,4161.75000,4153.79000,0.0000,0.0000,796.0,7.96,0.29,"PythonX XAUUSD M1[tp 4153.85]",525252,00:00:21:42,,,,,,,,,,,,
,91430503,11/26/2025 10:49,11/26/2025 13:30,XAUUSD,Buy,0.010,0.00000,4165.46000,4157.17000,4165.47000,0.0000,0.0000,830.0,8.30,0.31,"PythonX XAUUSD M1[tp 4165.46]",525252,00:02:41:25,,,,,,,,,,,,
,91427723,11/26/2025 09:07,11/26/2025 09:50,XAUUSD,Sell,0.010,4158.54000,0.00000,4152.84000,4158.57000,0.0000,0.0000,-573.0,-5.73,-0.21,"PythonX XAUUSD M1[sl 4158.54]",525252,00:00:43:47,,,,,,,,,,,,
,91426125,11/26/2025 08:19,11/26/2025 08:35,XAUUSD,Buy,0.010,4151.14000,0.00000,4156.86000,4150.59000,0.0000,0.0000,-627.0,-6.27,-0.23,"PythonX XAUUSD M1[sl 4151.14]",525252,00:00:16:32,,,,,,,,,,,,
,91421779,11/26/2025 04:55,11/26/2025 08:15,XAUUSD,Sell,0.010,0.00000,4156.43000,4164.86000,4156.34000,0.0000,0.0000,852.0,8.52,0.31,"PythonX XAUUSD M1[tp 4156.43]",525252,00:03:20:23,,,,,,,,,,,,
,91419553,11/26/2025 03:44,11/26/2025 04:18,XAUUSD,Sell,0.010,4156.15000,0.00000,4150.45000,4156.20000,0.0000,0.0000,-575.0,-5.75,-0.21,"PythonX XAUUSD M1[sl 4156.15]",525252,00:00:34:32,,,,,,,,,,,,
,91417434,11/26/2025 02:30,11/26/2025 03:22,XAUUSD,Sell,0.010,4147.25000,0.00000,4141.95000,4147.25000,0.0000,0.0000,-530.0,-5.30,-0.19,"PythonX XAUUSD M1[sl 4147.25]",525252,00:00:52:32,,,,,,,,,,,,
,91357460,11/25/2025 11:30,11/25/2025 12:04,XAUUSD,Buy,0.060,0.00000,4133.50000,4125.36000,4133.55000,0.0000,0.0000,819.0,49.14,1.83,"PythonX XAUUSD M1[tp 4133.50]",525252,00:00:34:08,,,,,,,,,,,,
,91352588,11/25/2025 09:39,11/25/2025 10:34,XAUUSD,Buy,0.030,4129.65000,0.00000,4135.36000,4129.38000,0.0000,0.0000,-598.0,-17.94,-0.66,"PythonX XAUUSD M1[sl 4129.65]",525252,00:00:55:06,,,,,,,,,,,,
,91352344,11/25/2025 09:32,11/25/2025 09:37,XAUUSD,Buy,0.020,4132.17000,0.00000,4137.87000,4131.39000,0.0000,0.0000,-648.0,-12.96,-0.48,"PythonX XAUUSD M1[sl 4132.17]",525252,00:00:05:18,,,,,,,,,,,,
,91350732,11/25/2025 08:29,11/25/2025 09:29,XAUUSD,Buy,0.010,4137.28000,0.00000,4142.93000,4136.55000,0.0000,0.0000,-638.0,-6.38,-0.23,"PythonX XAUUSD M1[sl 4137.28]",525252,00:01:00:47,,,,,,,,,,,,
,91349058,11/25/2025 06:39,11/25/2025 07:58,XAUUSD,Sell,0.010,4152.02000,0.00000,4146.22000,4152.14000,0.0000,0.0000,-592.0,-5.92,-0.22,"PythonX XAUUSD M1[sl 4152.02]",525252,00:01:19:14,,,,,,,,,,,,
,91347657,11/25/2025 05:04,11/25/2025 05:21,XAUUSD,Buy,0.010,4142.87000,0.00000,4148.56000,4142.87000,0.0000,0.0000,-569.0,-5.69,-0.21,"PythonX XAUUSD M1[sl 4142.87]",525252,00:00:17:35,,,,,,,,,,,,
,91343929,11/25/2025 03:03,11/25/2025 03:38,XAUUSD,Buy,0.010,0.00000,4136.42000,4128.15000,4136.43000,0.0000,0.0000,828.0,8.28,0.30,"PythonX XAUUSD M1[tp 4136.42]",525252,00:00:35:57,,,,,,,,,,,,
,91288873,11/24/2025 12:05,11/24/2025 12:52,XAUUSD,Sell,0.010,0.00000,4065.59000,4073.89000,4065.57000,0.0000,0.0000,832.0,8.32,0.31,"PythonX XAUUSD M1[tp 4065.59]",525252,00:00:47:42,,,,,,,,,,,,
,91286559,11/24/2025 10:48,11/24/2025 11:11,XAUUSD,Sell,0.010,4070.51000,0.00000,4065.03000,4070.70000,0.0000,0.0000,-567.0,-5.67,-0.21,"PythonX XAUUSD M1[sl 4070.51]",525252,00:00:23:24,,,,,,,,,,,,
,91285177,11/24/2025 09:40,11/24/2025 09:43,XAUUSD,Sell,0.010,4064.45000,0.00000,4058.77000,4064.56000,0.0000,0.0000,-579.0,-5.79,-0.21,"PythonX XAUUSD M1[sl 4064.45]",525252,00:00:03:38,,,,,,,,,,,,
,91284581,11/24/2025 08:56,11/24/2025 09:38,XAUUSD,Buy,0.010,0.00000,4062.19000,4053.91000,4062.23000,0.0000,0.0000,832.0,8.32,0.31,"PythonX XAUUSD M1[tp 4062.19]",525252,00:00:42:19,,,,,,,,,,,,
,91281920,11/24/2025 06:51,11/24/2025 08:06,XAUUSD,Buy,0.010,0.00000,4053.61000,4045.31000,4053.65000,0.0000,0.0000,834.0,8.34,0.31,"PythonX XAUUSD M1[tp 4053.61]",525252,00:01:15:53,,,,,,,,,,,,
,91279061,11/24/2025 04:01,11/24/2025 05:37,XAUUSD,Buy,0.010,0.00000,4054.65000,4046.38000,4054.80000,0.0000,0.0000,842.0,8.42,0.31,"PythonX XAUUSD M1[tp 4054.65]",525252,00:01:36:05,,,,,,,,,,,,
,91277730,11/24/2025 03:11,11/24/2025 03:12,XAUUSD,Buy,0.010,4051.79000,0.00000,4057.64000,4051.72000,0.0000,0.0000,-592.0,-5.92,-0.22,"PythonX XAUUSD M1[sl 4051.79]",525252,00:00:01:04,,,,,,,,,,,,
,91276932,11/24/2025 02:36,11/24/2025 03:00,XAUUSD,Sell,0.010,4069.77000,0.00000,4064.06000,4069.91000,0.0000,0.0000,-585.0,-5.85,-0.22,"PythonX XAUUSD M1[sl 4069.77]",525252,00:00:24:22,,,,,,,,,,,,
,91264526,11/21/2025 21:22,11/21/2025 21:31,XAUUSD,Sell,0.010,4092.31000,0.00000,4086.60000,4092.31000,0.0000,0.0000,-571.0,-5.71,-0.21,"PythonX XAUUSD M1[sl 4092.31]",525252,00:00:09:41,,,,,,,,,,,,
,91258321,11/21/2025 19:56,11/21/2025 20:30,XAUUSD,Sell,0.010,0.00000,4077.79000,4086.08000,4077.79000,0.0000,0.0000,829.0,8.29,0.31,"PythonX XAUUSD M1[tp 4077.79]",525252,00:00:34:14,,,,,,,,,,,,
,91252133,11/21/2025 18:41,11/21/2025 18:44,XAUUSD,Sell,0.010,4080.62000,0.00000,4074.90000,4080.80000,0.0000,0.0000,-590.0,-5.90,-0.22,"PythonX XAUUSD M1[sl 4080.62]",525252,00:00:03:22,,,,,,,,,,,,
,91244834,11/21/2025 17:43,11/21/2025 17:45,XAUUSD,Buy,0.010,0.00000,4065.71000,4057.32000,4065.78000,0.0000,0.0000,846.0,8.46,0.31,"PythonX XAUUSD M1[tp 4065.71]",525252,00:00:02:32,,,,,,,,,,,,
,91230688,11/21/2025 16:26,11/21/2025 16:33,XAUUSD,Buy,0.010,4061.96000,0.00000,4067.61000,4061.77000,0.0000,0.0000,-584.0,-5.84,-0.22,"PythonX XAUUSD M1[sl 4061.96]",525252,00:00:07:38,,,,,,,,,,,,
,91226763,11/21/2025 16:03,11/21/2025 16:10,XAUUSD,Sell,0.010,0.00000,4072.80000,4081.19000,4072.74000,0.0000,0.0000,845.0,8.45,0.31,"PythonX XAUUSD M1[tp 4072.80]",525252,00:00:07:29,,,,,,,,,,,,
,91224347,11/21/2025 15:48,11/21/2025 15:55,XAUUSD,Sell,0.010,4078.97000,0.00000,4073.36000,4078.98000,0.0000,0.0000,-562.0,-5.62,-0.21,"PythonX XAUUSD M1[sl 4078.97]",525252,00:00:07:10,,,,,,,,,,,,
,91206716,11/21/2025 13:51,11/21/2025 14:07,XAUUSD,Buy,0.010,0.00000,4043.00000,4034.70000,4043.05000,0.0000,0.0000,835.0,8.35,0.31,"PythonX XAUUSD M1[tp 4043.00]",525252,00:00:16:21,,,,,,,,,,,,
,91205167,11/21/2025 12:51,11/21/2025 13:07,XAUUSD,Sell,0.010,4043.85000,0.00000,4038.15000,4043.85000,0.0000,0.0000,-570.0,-5.70,-0.21,"PythonX XAUUSD M1[sl 4043.85]",525252,00:00:16:45,,,,,,,,,,,,
,91201762,11/21/2025 11:21,11/21/2025 11:42,XAUUSD,Sell,0.010,0.00000,4051.13000,4059.52000,4051.04000,0.0000,0.0000,848.0,8.48,0.31,"PythonX XAUUSD M1[tp 4051.13]",525252,00:00:21:53,,,,,,,,,,,,
,91200067,11/21/2025 10:29,11/21/2025 11:11,XAUUSD,Sell,0.010,4050.74000,0.00000,4045.30000,4050.85000,0.0000,0.0000,-555.0,-5.55,-0.21,"PythonX XAUUSD M1[sl 4050.74]",525252,00:00:42:17,,,,,,,,,,,,
,91195538,11/21/2025 08:02,11/21/2025 08:15,XAUUSD,Sell,0.060,0.00000,4049.59000,4057.42000,4049.56000,0.0000,0.0000,786.0,47.16,1.77,"PythonX XAUUSD M1[tp 4049.59]",525252,00:00:13:29,,,,,,,,,,,,
,91194579,11/21/2025 07:41,11/21/2025 07:48,XAUUSD,Buy,0.030,4046.43000,0.00000,4052.11000,4046.37000,0.0000,0.0000,-574.0,-17.22,-0.64,"PythonX XAUUSD M1[sl 4046.43]",525252,00:00:07:21,,,,,,,,,,,,
,91191814,11/21/2025 05:07,11/21/2025 06:41,XAUUSD,Buy,0.020,4048.74000,0.00000,4054.85000,4048.74000,0.0000,0.0000,-611.0,-12.22,-0.45,"PythonX XAUUSD M1[sl 4048.74]",525252,00:01:34:11,,,,,,,,,,,,
,91191742,11/21/2025 05:02,11/21/2025 05:06,XAUUSD,Buy,0.010,4052.08000,0.00000,4057.76000,4052.08000,0.0000,0.0000,-568.0,-5.68,-0.21,"PythonX XAUUSD M1[sl 4052.08]",525252,00:00:04:25,,,,,,,,,,,,
,91190277,11/21/2025 04:14,11/21/2025 04:32,XAUUSD,Sell,0.010,4079.32000,0.00000,4073.59000,4079.34000,0.0000,0.0000,-575.0,-5.75,-0.21,"PythonX XAUUSD M1[sl 4079.32]",525252,00:00:18:58,,,,,,,,,,,,
,91188594,11/21/2025 03:06,11/21/2025 03:25,XAUUSD,Buy,0.010,4061.69000,0.00000,4067.59000,4061.66000,0.0000,0.0000,-593.0,-5.93,-0.22,"PythonX XAUUSD M1[sl 4061.69]",525252,00:00:19:57,,,,,,,,,,,,
,91146243,11/20/2025 11:04,11/20/2025 11:29,XAUUSD,Sell,0.020,0.00000,4059.65000,4067.95000,4059.53000,0.0000,0.0000,842.0,16.84,0.63,"PythonX XAUUSD M1[tp 4059.65]",525252,00:00:25:56,,,,,,,,,,,,
,91146008,11/20/2025 11:00,11/20/2025 11:01,XAUUSD,Sell,0.010,4068.81000,0.00000,4063.12000,4068.95000,0.0000,0.0000,-583.0,-5.83,-0.22,"PythonX XAUUSD M1[sl 4068.81]",525252,00:00:01:40,,,,,,,,,,,,
,91145006,11/20/2025 10:38,11/20/2025 10:56,XAUUSD,Sell,0.010,4059.57000,0.00000,4053.92000,4059.57000,0.0000,0.0000,-565.0,-5.65,-0.21,"PythonX XAUUSD M1[sl 4059.57]",525252,00:00:18:09,,,,,,,,,,,,
,91143622,11/20/2025 10:06,11/20/2025 10:09,XAUUSD,Buy,0.010,4049.48000,0.00000,4055.34000,4049.38000,0.0000,0.0000,-596.0,-5.96,-0.22,"PythonX XAUUSD M1[sl 4049.48]",525252,00:00:03:36,,,,,,,,,,,,
,91140701,11/20/2025 08:29,11/20/2025 08:41,XAUUSD,Buy,0.090,0.00000,4071.15000,4062.82000,4071.42000,0.0000,0.0000,860.0,77.40,2.94,"PythonX XAUUSD M1[tp 4071.15]",525252,00:00:12:10,,,,,,,,,,,,
,91139801,11/20/2025 07:58,11/20/2025 08:08,XAUUSD,Sell,0.060,4075.99000,0.00000,4070.29000,4076.06000,0.0000,0.0000,-577.0,-34.62,-1.30,"PythonX XAUUSD M1[sl 4075.99]",525252,00:00:10:54,,,,,,,,,,,,
,91137449,11/20/2025 06:01,11/20/2025 06:10,XAUUSD,Sell,0.030,4077.32000,0.00000,4071.63000,4077.34000,0.0000,0.0000,-571.0,-17.13,-0.64,"PythonX XAUUSD M1[sl 4077.32]",525252,00:00:09:12,,,,,,,,,,,,
,91136785,11/20/2025 05:40,11/20/2025 05:44,XAUUSD,Buy,0.020,4066.52000,0.00000,4072.22000,4066.10000,0.0000,0.0000,-612.0,-12.24,-0.45,"PythonX XAUUSD M1[sl 4066.52]",525252,00:00:04:13,,,,,,,,,,,,
,91135399,11/20/2025 04:54,11/20/2025 05:00,XAUUSD,Sell,0.010,4072.22000,0.00000,4066.05000,4072.56000,0.0000,0.0000,-651.0,-6.51,-0.24,"PythonX XAUUSD M1[sl 4072.22]",525252,00:00:06:22,,,,,,,,,,,,
,91131659,11/20/2025 03:23,11/20/2025 03:33,XAUUSD,Buy,0.010,4088.48000,0.00000,4094.19000,4088.39000,0.0000,0.0000,-580.0,-5.80,-0.21,"PythonX XAUUSD M1[sl 4088.48]",525252,00:00:10:25,,,,,,,,,,,,
,91129952,11/20/2025 02:40,11/20/2025 03:12,XAUUSD,Buy,0.010,4097.72000,0.00000,4103.45000,4097.58000,0.0000,0.0000,-587.0,-5.87,-0.22,"PythonX XAUUSD M1[sl 4097.72]",525252,00:00:32:58,,,,,,,,,,,,
,91053011,11/19/2025 08:02,11/19/2025 09:08,XAUUSD,Sell,0.020,0.00000,4086.15000,4094.65000,4086.15000,0.0000,0.0000,850.0,17.00,0.63,"PythonX XAUUSD M1[tp 4086.15]",525252,00:01:06:13,,,,,,,,,,,,
,91049865,11/19/2025 07:12,11/19/2025 07:16,XAUUSD,Sell,0.010,4084.23000,0.00000,4078.41000,4084.45000,0.0000,0.0000,-604.0,-6.04,-0.22,"PythonX XAUUSD M1[sl 4084.23]",525252,00:00:04:33,,,,,,,,,,,,
,91046952,11/19/2025 05:29,11/19/2025 05:59,XAUUSD,Buy,0.010,4066.45000,0.00000,4072.14000,4066.41000,0.0000,0.0000,-573.0,-5.73,-0.21,"PythonX XAUUSD M1[sl 4066.45]",525252,00:00:30:00,,,,,,,,,,,,
,90965494,11/18/2025 11:10,11/18/2025 11:55,XAUUSD,Buy,0.020,0.00000,4043.03000,4034.69000,4043.11000,0.0000,0.0000,842.0,16.84,0.63,"PythonX XAUUSD M1[tp 4043.03]",525252,00:00:45:01,,,,,,,,,,,,
,90959663,11/18/2025 08:23,11/18/2025 09:01,XAUUSD,Buy,0.010,4005.57000,0.00000,4011.26000,4005.38000,0.0000,0.0000,-588.0,-5.88,-0.22,"PythonX XAUUSD M1[sl 4005.57]",525252,00:00:38:28,,,,,,,,,,,,
,90959361,11/18/2025 08:07,11/18/2025 08:18,XAUUSD,Buy,0.010,4011.15000,0.00000,4016.83000,4011.15000,0.0000,0.0000,-568.0,-5.68,-0.21,"PythonX XAUUSD M1[sl 4011.15]",525252,00:00:11:55,,,,,,,,,,,,
,90957093,11/18/2025 06:22,11/18/2025 06:27,XAUUSD,Buy,0.010,0.00000,4016.14000,4008.02000,4016.16000,0.0000,0.0000,814.0,8.14,0.30,"PythonX XAUUSD M1[tp 4016.14]",525252,00:00:05:13,,,,,,,,,,,,
,90956136,11/18/2025 05:42,11/18/2025 05:58,XAUUSD,Sell,0.010,0.00000,4013.01000,4021.28000,4013.01000,0.0000,0.0000,827.0,8.27,0.31,"PythonX XAUUSD M1[tp 4013.01]",525252,00:00:16:24,,,,,,,,,,,,
,90954129,11/18/2025 04:16,11/18/2025 04:48,XAUUSD,Sell,0.010,0.00000,4025.35000,4033.63000,4025.35000,0.0000,0.0000,828.0,8.28,0.31,"PythonX XAUUSD M1[tp 4025.35]",525252,00:00:32:24,,,,,,,,,,,,
,90951689,11/18/2025 03:07,11/18/2025 03:42,XAUUSD,Sell,0.010,0.00000,4033.31000,4041.57000,4033.27000,0.0000,0.0000,830.0,8.30,0.31,"PythonX XAUUSD M1[tp 4033.31]",525252,00:00:35:17,,,,,,,,,,,,
,90893653,11/17/2025 14:23,11/17/2025 15:03,XAUUSD,Buy,0.020,0.00000,4085.96000,4077.63000,4085.99000,0.0000,0.0000,836.0,16.72,0.63,"PythonX XAUUSD M1[tp 4085.96]",525252,00:00:40:04,,,,,,,,,,,,
,90887736,11/17/2025 12:56,11/17/2025 13:00,XAUUSD,Buy,0.010,4065.95000,0.00000,4071.65000,4065.90000,0.0000,0.0000,-575.0,-5.75,-0.22,"PythonX XAUUSD M1[sl 4065.95]",525252,00:00:04:18,,,,,,,,,,,,
,90887259,11/17/2025 12:47,11/17/2025 12:51,XAUUSD,Buy,0.010,4074.94000,0.00000,4080.19000,4074.87000,0.0000,0.0000,-532.0,-5.32,-0.20,"PythonX XAUUSD M1[sl 4074.94]",525252,00:00:04:33,,,,,,,,,,,,
,90881327,11/17/2025 10:11,11/17/2025 10:21,XAUUSD,Sell,0.030,0.00000,4085.36000,4093.61000,4085.32000,0.0000,0.0000,829.0,24.87,0.94,"PythonX XAUUSD M1[tp 4085.36]",525252,00:00:10:06,,,,,,,,,,,,
,90880377,11/17/2025 09:49,11/17/2025 10:02,XAUUSD,Sell,0.020,4091.18000,0.00000,4085.46000,4091.39000,0.0000,0.0000,-593.0,-11.86,-0.45,"PythonX XAUUSD M1[sl 4091.18]",525252,00:00:13:46,,,,,,,,,,,,
,90878913,11/17/2025 09:05,11/17/2025 09:16,XAUUSD,Sell,0.010,4074.29000,0.00000,4068.60000,4074.33000,0.0000,0.0000,-573.0,-5.73,-0.22,"PythonX XAUUSD M1[sl 4074.29]",525252,00:00:11:46,,,,,,,,,,,,
,90876219,11/17/2025 07:28,11/17/2025 07:31,XAUUSD,Buy,0.010,4059.10000,0.00000,4064.79000,4059.10000,0.0000,0.0000,-569.0,-5.69,-0.21,"PythonX XAUUSD M1[sl 4059.10]",525252,00:00:03:14,,,,,,,,,,,,
,90874146,11/17/2025 05:55,11/17/2025 07:02,XAUUSD,Sell,0.010,0.00000,4076.00000,4084.02000,4075.97000,0.0000,0.0000,805.0,8.05,0.30,"PythonX XAUUSD M1[tp 4076.00]",525252,00:01:07:45,,,,,,,,,,,,
,90872480,11/17/2025 04:32,11/17/2025 04:59,XAUUSD,Sell,0.020,0.00000,4081.26000,4089.15000,4081.16000,0.0000,0.0000,799.0,15.98,0.61,"PythonX XAUUSD M1[tp 4081.26]",525252,00:00:27:26,,,,,,,,,,,,
,90871479,11/17/2025 03:54,11/17/2025 04:01,XAUUSD,Buy,0.010,4088.96000,0.00000,4094.70000,4088.86000,0.0000,0.0000,-584.0,-5.84,-0.22,"PythonX XAUUSD M1[sl 4088.96]",525252,00:00:07:49,,,,,,,,,,,,
,90870519,11/17/2025 03:14,11/17/2025 03:32,XAUUSD,Sell,0.010,4098.73000,0.00000,4093.03000,4098.75000,0.0000,0.0000,-572.0,-5.72,-0.22,"PythonX XAUUSD M1[sl 4098.73]",525252,00:00:18:52,,,,,,,,,,,,
,90789335,11/14/2025 09:07,11/14/2025 09:21,XAUUSD,Sell,0.030,0.00000,4167.24000,4175.54000,4167.09000,0.0000,0.0000,845.0,25.35,0.97,"PythonX XAUUSD M1[tp 4167.24]",525252,00:00:14:15,,,,,,,,,,,,
,90787965,11/14/2025 08:23,11/14/2025 08:26,XAUUSD,Buy,0.020,4176.71000,0.00000,4181.94000,4176.66000,0.0000,0.0000,-528.0,-10.56,-0.40,"PythonX XAUUSD M1[sl 4176.71]",525252,00:00:03:46,,,,,,,,,,,,
,90784440,11/14/2025 05:55,11/14/2025 06:26,XAUUSD,Buy,0.010,4198.10000,0.00000,4203.79000,4198.00000,0.0000,0.0000,-579.0,-5.79,-0.22,"PythonX XAUUSD M1[sl 4198.10]",525252,00:00:31:16,,,,,,,,,,,,
,90781459,11/14/2025 04:17,11/14/2025 04:25,XAUUSD,Sell,0.010,4199.65000,0.00000,4193.85000,4199.82000,0.0000,0.0000,-597.0,-5.97,-0.23,"PythonX XAUUSD M1[sl 4199.65]",525252,00:00:08:50,,,,,,,,,,,,
,90779895,11/14/2025 03:36,11/14/2025 03:46,XAUUSD,Buy,0.020,0.00000,4185.01000,4176.78000,4185.01000,0.0000,0.0000,823.0,16.46,0.63,"PythonX XAUUSD M1[tp 4185.01]",525252,00:00:10:43,,,,,,,,,,,,
,90779474,11/14/2025 03:26,11/14/2025 03:34,XAUUSD,Buy,0.010,4174.17000,0.00000,4179.83000,4174.14000,0.0000,0.0000,-569.0,-5.69,-0.22,"PythonX XAUUSD M1[sl 4174.17]",525252,00:00:08:49,,,,,,,,,,,,
,90777295,11/14/2025 02:09,11/14/2025 03:23,XAUUSD,Buy,0.010,4176.48000,0.00000,4182.21000,4176.36000,0.0000,0.0000,-585.0,-5.85,-0.22,"PythonX XAUUSD M1[sl 4176.48]",525252,00:01:14:44,,,,,,,,,,,,
,90715529,11/13/2025 15:08,11/13/2025 15:33,XAUUSD,Buy,0.050,4223.73000,0.00000,4229.10000,4223.61000,0.0000,0.0000,-549.0,-27.45,-1.03,"PythonX XAUUSD M1[sl 4223.73]",525252,00:00:25:50,,,,,,,,,,,,
,90708679,11/13/2025 14:12,11/13/2025 14:47,XAUUSD,Sell,0.030,4238.61000,0.00000,4233.01000,4238.61000,0.0000,0.0000,-560.0,-16.80,-0.63,"PythonX XAUUSD M1[sl 4238.61]",525252,00:00:35:50,,,,,,,,,,,,
,90703596,11/13/2025 12:40,11/13/2025 12:58,XAUUSD,Buy,0.020,4226.31000,0.00000,4232.09000,4226.31000,0.0000,0.0000,-578.0,-11.56,-0.43,"PythonX XAUUSD M1[sl 4226.31]",525252,00:00:18:04,,,,,,,,,,,,
,90699143,11/13/2025 11:01,11/13/2025 11:04,XAUUSD,Buy,0.010,4228.95000,0.00000,4234.35000,4228.92000,0.0000,0.0000,-543.0,-5.43,-0.20,"PythonX XAUUSD M1[sl 4228.95]",525252,00:00:03:21,,,,,,,,,,,,
,90697298,11/13/2025 10:18,11/13/2025 10:27,XAUUSD,Sell,0.010,4237.85000,0.00000,4232.16000,4237.93000,0.0000,0.0000,-577.0,-5.77,-0.21,"PythonX XAUUSD M1[sl 4237.85]",525252,00:00:09:04,,,,,,,,,,,,
,90688720,11/13/2025 06:45,11/13/2025 07:10,XAUUSD,Buy,0.010,0.00000,4216.29000,4207.99000,4216.32000,0.0000,0.0000,833.0,8.33,0.31,"PythonX XAUUSD M1[tp 4216.29]",525252,00:00:25:39,,,,,,,,,,,,
,90687307,11/13/2025 06:10,11/13/2025 06:23,XAUUSD,Sell,0.020,0.00000,4209.83000,4218.04000,4209.78000,0.0000,0.0000,826.0,16.52,0.62,"PythonX XAUUSD M1[tp 4209.83]",525252,00:00:13:15,,,,,,,,,,,,
,90685842,11/13/2025 05:46,11/13/2025 05:56,XAUUSD,Sell,0.010,4212.02000,0.00000,4206.32000,4212.53000,0.0000,0.0000,-621.0,-6.21,-0.23,"PythonX XAUUSD M1[sl 4212.02]",525252,00:00:10:10,,,,,,,,,,,,
,90684252,11/13/2025 05:10,11/13/2025 05:20,XAUUSD,Sell,0.010,4205.23000,0.00000,4199.73000,4205.44000,0.0000,0.0000,-571.0,-5.71,-0.21,"PythonX XAUUSD M1[sl 4205.23]",525252,00:00:10:57,,,,,,,,,,,,
,90681839,11/13/2025 04:00,11/13/2025 04:34,XAUUSD,Sell,0.010,0.00000,4183.79000,4192.04000,4183.78000,0.0000,0.0000,826.0,8.26,0.31,"PythonX XAUUSD M1[tp 4183.79]",525252,00:00:34:34,,,,,,,,,,,,
,90679513,11/13/2025 03:20,11/13/2025 03:57,XAUUSD,Buy,0.010,0.00000,4192.02000,4183.72000,4192.04000,0.0000,0.0000,832.0,8.32,0.31,"PythonX XAUUSD M1[tp 4192.02]",525252,00:00:37:10,,,,,,,,,,,,
,90677979,11/13/2025 02:57,11/13/2025 03:05,XAUUSD,Sell,0.010,0.00000,4197.40000,4205.67000,4197.40000,0.0000,0.0000,827.0,8.27,0.31,"PythonX XAUUSD M1[tp 4197.40]",525252,00:00:08:03,,,,,,,,,,,,
,90611684,11/12/2025 11:53,11/12/2025 14:15,XAUUSD,Buy,0.010,0.00000,4131.31000,4123.22000,4131.40000,0.0000,0.0000,818.0,8.18,0.31,"PythonX XAUUSD M1[tp 4131.31]",525252,00:02:22:42,,,,,,,,,,,,
,90609544,11/12/2025 10:39,11/12/2025 11:50,XAUUSD,Sell,0.010,0.00000,4122.51000,4130.59000,4122.42000,0.0000,0.0000,817.0,8.17,0.31,"PythonX XAUUSD M1[tp 4122.51]",525252,00:01:11:49,,,,,,,,,,,,
,90607559,11/12/2025 09:41,11/12/2025 10:08,XAUUSD,Buy,0.010,4112.75000,0.00000,4118.27000,4112.61000,0.0000,0.0000,-566.0,-5.66,-0.21,"PythonX XAUUSD M1[sl 4112.75]",525252,00:00:27:22,,,,,,,,,,,,
,90604660,11/12/2025 07:34,11/12/2025 08:20,XAUUSD,Buy,0.030,0.00000,4109.77000,4101.63000,4109.86000,0.0000,0.0000,823.0,24.69,0.94,"PythonX XAUUSD M1[tp 4109.77]",525252,00:00:46:57,,,,,,,,,,,,
,90602972,11/12/2025 06:08,11/12/2025 07:31,XAUUSD,Buy,0.020,4101.12000,0.00000,4106.67000,4101.11000,0.0000,0.0000,-556.0,-11.12,-0.42,"PythonX XAUUSD M1[sl 4101.12]",525252,00:01:23:41,,,,,,,,,,,,
,90601336,11/12/2025 04:44,11/12/2025 05:05,XAUUSD,Buy,0.010,4118.27000,0.00000,4124.06000,4118.10000,0.0000,0.0000,-596.0,-5.96,-0.22,"PythonX XAUUSD M1[sl 4118.27]",525252,00:00:21:54,,,,,,,,,,,,
,90597976,11/12/2025 02:25,11/12/2025 02:51,XAUUSD,Buy,0.010,4136.36000,0.00000,4141.62000,4136.34000,0.0000,0.0000,-528.0,-5.28,-0.20,"PythonX XAUUSD M1[sl 4136.36]",525252,00:00:26:44,,,,,,,,,,,,
,90535999,11/11/2025 09:41,11/11/2025 10:11,XAUUSD,Buy,0.010,0.00000,4136.64000,4128.64000,4136.74000,0.0000,0.0000,810.0,8.10,0.31,"PythonX XAUUSD M1[tp 4136.64]",525252,00:00:30:56,,,,,,,,,,,,
,90534441,11/11/2025 08:06,11/11/2025 08:20,XAUUSD,Buy,0.010,0.00000,4136.91000,4129.01000,4136.91000,0.0000,0.0000,790.0,7.90,0.30,"PythonX XAUUSD M1[tp 4136.91]",525252,00:00:14:21,,,,,,,,,,,,
,90531481,11/11/2025 05:37,11/11/2025 07:05,XAUUSD,Sell,0.010,0.00000,4139.23000,4147.22000,4139.16000,0.0000,0.0000,806.0,8.06,0.31,"PythonX XAUUSD M1[tp 4139.23]",525252,00:01:28:22,,,,,,,,,,,,
,90530187,11/11/2025 04:34,11/11/2025 05:09,XAUUSD,Buy,0.010,0.00000,4140.39000,4132.14000,4140.55000,0.0000,0.0000,841.0,8.41,0.32,"PythonX XAUUSD M1[tp 4140.39]",525252,00:00:35:25,,,,,,,,,,,,
,90528523,11/11/2025 03:34,11/11/2025 03:56,XAUUSD,Sell,0.020,0.00000,4130.92000,4138.88000,4130.90000,0.0000,0.0000,798.0,15.96,0.61,"PythonX XAUUSD M1[tp 4130.92]",525252,00:00:22:09,,,,,,,,,,,,
,90526189,11/11/2025 02:35,11/11/2025 02:51,XAUUSD,Sell,0.010,4132.26000,0.00000,4126.74000,4132.26000,0.0000,0.0000,-552.0,-5.52,-0.21,"PythonX XAUUSD M1[sl 4132.26]",525252,00:00:16:06,,,,,,,,,,,,
,90525129,11/11/2025 01:51,11/11/2025 02:29,XAUUSD,Sell,0.010,4126.06000,0.00000,4120.53000,4126.10000,0.0000,0.0000,-557.0,-5.57,-0.21,"PythonX XAUUSD M1[sl 4126.06]",525252,00:00:38:34,,,,,,,,,,,,
,90475200,11/10/2025 15:07,11/10/2025 15:42,XAUUSD,Sell,0.010,0.00000,4095.47000,4103.29000,4095.41000,0.0000,0.0000,788.0,7.88,0.30,"PythonX XAUUSD M1[tp 4095.47]",525252,00:00:35:41,,,,,,,,,,,,
,90462282,11/10/2025 13:02,11/10/2025 14:00,XAUUSD,Sell,0.010,4086.06000,0.00000,4080.71000,4086.09000,0.0000,0.0000,-538.0,-5.38,-0.21,"PythonX XAUUSD M1[sl 4086.06]",525252,00:00:58:06,,,,,,,,,,,,
,90457788,11/10/2025 10:41,11/10/2025 11:13,XAUUSD,Sell,0.030,0.00000,4075.46000,4083.48000,4075.42000,0.0000,0.0000,806.0,24.18,0.93,"PythonX XAUUSD M1[tp 4075.46]",525252,00:00:32:48,,,,,,,,,,,,
,90453738,11/10/2025 08:30,11/10/2025 08:38,XAUUSD,Sell,0.020,4078.16000,0.00000,4072.70000,4078.36000,0.0000,0.0000,-566.0,-11.32,-0.43,"PythonX XAUUSD M1[sl 4078.16]",525252,00:00:08:34,,,,,,,,,,,,
,90452966,11/10/2025 07:57,11/10/2025 08:25,XAUUSD,Sell,0.010,4072.79000,0.00000,4067.29000,4072.80000,0.0000,0.0000,-551.0,-5.51,-0.21,"PythonX XAUUSD M1[sl 4072.79]",525252,00:00:28:43,,,,,,,,,,,,
,90450896,11/10/2025 06:16,11/10/2025 07:37,XAUUSD,Sell,0.010,4060.95000,0.00000,4055.39000,4061.09000,0.0000,0.0000,-570.0,-5.70,-0.22,"PythonX XAUUSD M1[sl 4060.95]",525252,00:01:21:04,,,,,,,,,,,,
,90448566,11/10/2025 04:13,11/10/2025 05:21,XAUUSD,Buy,0.010,0.00000,4049.16000,4040.84000,4049.19000,0.0000,0.0000,835.0,8.35,0.32,"PythonX XAUUSD M1[tp 4049.16]",525252,00:01:08:08,,,,,,,,,,,,
,90445602,11/10/2025 02:51,11/10/2025 03:11,XAUUSD,Sell,0.010,4026.96000,0.00000,4021.34000,4027.32000,0.0000,0.0000,-598.0,-5.98,-0.23,"PythonX XAUUSD M1[sl 4026.96]",525252,00:00:20:47,,,,,,,,,,,,
,90372062,11/07/2025 11:19,11/07/2025 12:16,XAUUSD,Sell,0.080,0.00000,4004.04000,4012.34000,4004.02000,0.0000,0.0000,832.0,66.56,2.61,"PythonX XAUUSD M1[tp 4004.04]",525252,00:00:57:35,,,,,,,,,,,,
,90368834,11/07/2025 08:53,11/07/2025 11:15,XAUUSD,Sell,0.050,4011.89000,0.00000,4006.16000,4011.89000,0.0000,0.0000,-573.0,-28.65,-1.11,"PythonX XAUUSD M1[sl 4011.89]",525252,00:02:22:16,,,,,,,,,,,,
,90368502,11/07/2025 08:36,11/07/2025 08:51,XAUUSD,Sell,0.030,4007.06000,0.00000,4001.49000,4007.12000,0.0000,0.0000,-563.0,-16.89,-0.65,"PythonX XAUUSD M1[sl 4007.06]",525252,00:00:15:43,,,,,,,,,,,,
,90366685,11/07/2025 06:53,11/07/2025 08:35,XAUUSD,Sell,0.020,4002.54000,0.00000,3996.84000,4002.62000,0.0000,0.0000,-578.0,-11.56,-0.44,"PythonX XAUUSD M1[sl 4002.54]",525252,00:01:42:05,,,,,,,,,,,,
,90366202,11/07/2025 06:14,11/07/2025 06:22,XAUUSD,Sell,0.010,3997.95000,0.00000,3992.23000,3998.06000,0.0000,0.0000,-583.0,-5.83,-0.22,"PythonX XAUUSD M1[sl 3997.95]",525252,00:00:08:36,,,,,,,,,,,,
,90363652,11/07/2025 04:23,11/07/2025 05:08,XAUUSD,Buy,0.010,3990.34000,0.00000,3996.20000,3990.34000,0.0000,0.0000,-586.0,-5.86,-0.22,"PythonX XAUUSD M1[sl 3990.34]",525252,00:00:45:39,,,,,,,,,,,,
,90357398,11/06/2025 22:37,11/06/2025 23:06,XAUUSD,Sell,0.080,0.00000,0.00000,3985.21000,3978.82000,0.0000,0.0000,639.0,51.12,1.99,"PythonX XAUUSD M1",525252,00:00:29:58,,,,,,,,,,,,
,90353570,11/06/2025 21:37,11/06/2025 21:49,XAUUSD,Buy,0.050,3985.88000,0.00000,3991.58000,3985.50000,0.0000,0.0000,-608.0,-30.40,-1.17,"PythonX XAUUSD M1[sl 3985.88]",525252,00:00:12:56,,,,,,,,,,,,
,90350222,11/06/2025 20:42,11/06/2025 21:12,XAUUSD,Sell,0.030,3994.43000,0.00000,3988.73000,3994.43000,0.0000,0.0000,-570.0,-17.10,-0.66,"PythonX XAUUSD M1[sl 3994.43]",525252,00:00:30:24,,,,,,,,,,,,
,90336805,11/06/2025 18:22,11/06/2025 19:17,XAUUSD,Buy,0.020,3973.57000,0.00000,3979.12000,3973.49000,0.0000,0.0000,-563.0,-11.26,-0.43,"PythonX XAUUSD M1[sl 3973.57]",525252,00:00:55:02,,,,,,,,,,,,
,90317134,11/06/2025 16:13,11/06/2025 16:18,XAUUSD,Buy,0.010,4001.95000,0.00000,4007.65000,4001.78000,0.0000,0.0000,-587.0,-5.87,-0.22,"PythonX XAUUSD M1[sl 4001.95]",525252,00:00:05:46,,,,,,,,,,,,
,90304405,11/06/2025 14:40,11/06/2025 14:53,XAUUSD,Buy,0.010,4003.29000,0.00000,4008.99000,4003.09000,0.0000,0.0000,-590.0,-5.90,-0.22,"PythonX XAUUSD M1[sl 4003.29]",525252,00:00:13:38,,,,,,,,,,,,
,90296094,11/06/2025 12:12,11/06/2025 13:37,XAUUSD,Buy,0.020,0.00000,4015.05000,4006.75000,4015.12000,0.0000,0.0000,837.0,16.74,0.64,"PythonX XAUUSD M1[tp 4015.05]",525252,00:01:25:51,,,,,,,,,,,,
,90289120,11/06/2025 08:58,11/06/2025 09:00,XAUUSD,Sell,0.010,3995.84000,0.00000,3989.87000,3996.09000,0.0000,0.0000,-622.0,-6.22,-0.24,"PythonX XAUUSD M1[sl 3995.84]",525252,00:00:02:46,,,,,,,,,,,,
,90286196,11/06/2025 05:27,11/06/2025 08:55,XAUUSD,Sell,0.010,3991.27000,0.00000,3985.56000,3992.29000,0.0000,0.0000,-673.0,-6.73,-0.26,"PythonX XAUUSD M1[sl 3991.27]",525252,00:03:28:36,,,,,,,,,,,,
,90209305,11/05/2025 11:44,11/05/2025 12:03,XAUUSD,Sell,0.010,0.00000,3962.09000,3970.39000,3962.07000,0.0000,0.0000,832.0,8.32,0.32,"PythonX XAUUSD M1[tp 3962.09]",525252,00:00:19:40,,,,,,,,,,,,
,90204845,11/05/2025 09:51,11/05/2025 10:01,XAUUSD,Sell,0.010,3976.00000,0.00000,3970.30000,3976.00000,0.0000,0.0000,-570.0,-5.70,-0.22,"PythonX XAUUSD M1[sl 3976.00]",525252,00:00:10:48,,,,,,,,,,,,
,90202514,11/05/2025 07:52,11/05/2025 08:42,XAUUSD,Buy,0.010,0.00000,3973.06000,3964.77000,3973.14000,0.0000,0.0000,837.0,8.37,0.32,"PythonX XAUUSD M1[tp 3973.06]",525252,00:00:50:56,,,,,,,,,,,,
,90191226,11/05/2025 04:39,11/05/2025 05:03,XAUUSD,Sell,0.010,3952.47000,0.00000,3946.90000,3952.59000,0.0000,0.0000,-569.0,-5.69,-0.22,"PythonX XAUUSD M1[sl 3952.47]",525252,00:00:24:51,,,,,,,,,,,,
,90174326,11/05/2025 03:29,11/05/2025 03:47,XAUUSD,Sell,0.010,0.00000,3938.37000,3946.70000,3938.35000,0.0000,0.0000,835.0,8.35,0.32,"PythonX XAUUSD M1[tp 3938.37]",525252,00:00:18:56,,,,,,,,,,,,
,90053567,11/04/2025 12:18,11/04/2025 14:31,XAUUSD,Sell,0.010,0.00000,3987.31000,3995.24000,3987.31000,0.0000,0.0000,793.0,7.93,0.30,"PythonX XAUUSD M1[tp 3987.31]",525252,00:02:13:55,,,,,,,,,,,,
,90048294,11/04/2025 09:52,11/04/2025 10:26,XAUUSD,Sell,0.010,4000.17000,0.00000,3994.46000,4000.17000,0.0000,0.0000,-571.0,-5.71,-0.22,"PythonX XAUUSD M1[sl 4000.17]",525252,00:00:34:38,,,,,,,,,,,,
,90043354,11/04/2025 07:28,11/04/2025 07:42,XAUUSD,Sell,0.010,0.00000,3977.64000,3985.94000,3977.56000,0.0000,0.0000,838.0,8.38,0.32,"PythonX XAUUSD M1[tp 3977.64]",525252,00:00:14:55,,,,,,,,,,,,
,90041383,11/04/2025 05:34,11/04/2025 06:45,XAUUSD,Sell,0.020,0.00000,3987.29000,3995.75000,3987.27000,0.0000,0.0000,848.0,16.96,0.66,"PythonX XAUUSD M1[tp 3987.29]",525252,00:01:11:28,,,,,,,,,,,,
,90040494,11/04/2025 05:03,11/04/2025 05:28,XAUUSD,Sell,0.010,3992.50000,0.00000,3986.74000,3992.52000,0.0000,0.0000,-578.0,-5.78,-0.22,"PythonX XAUUSD M1[sl 3992.50]",525252,00:00:25:18,,,,,,,,,,,,
,90039224,11/04/2025 04:32,11/04/2025 05:00,XAUUSD,Sell,0.010,3988.78000,0.00000,3983.09000,3988.78000,0.0000,0.0000,-569.0,-5.69,-0.22,"PythonX XAUUSD M1[sl 3988.78]",525252,00:00:28:32,,,,,,,,,,,,
,89981403,11/03/2025 15:05,11/03/2025 15:36,XAUUSD,Sell,0.050,4020.22000,0.00000,4014.35000,4020.23000,0.0000,0.0000,-588.0,-29.40,-1.12,"PythonX XAUUSD M1[sl 4020.22]",525252,00:00:31:47,,,,,,,,,,,,
,89978584,11/03/2025 14:51,11/03/2025 15:03,XAUUSD,Sell,0.030,4017.03000,0.00000,4011.34000,4017.04000,0.0000,0.0000,-570.0,-17.10,-0.65,"PythonX XAUUSD M1[sl 4017.03]",525252,00:00:12:09,,,,,,,,,,,,
,89971233,11/03/2025 13:31,11/03/2025 14:48,XAUUSD,Sell,0.020,4011.50000,0.00000,4005.82000,4011.67000,0.0000,0.0000,-585.0,-11.70,-0.44,"PythonX XAUUSD M1[sl 4011.50]",525252,00:01:17:29,,,,,,,,,,,,
,89969402,11/03/2025 12:28,11/03/2025 13:19,XAUUSD,Sell,0.010,4004.26000,0.00000,3998.56000,4004.29000,0.0000,0.0000,-573.0,-5.73,-0.22,"PythonX XAUUSD M1[sl 4004.26]",525252,00:00:51:05,,,,,,,,,,,,
,89967423,11/03/2025 11:35,11/03/2025 11:43,XAUUSD,Buy,0.010,3997.98000,0.00000,4003.60000,3997.91000,0.0000,0.0000,-569.0,-5.69,-0.21,"PythonX XAUUSD M1[sl 3997.98]",525252,00:00:08:58,,,,,,,,,,,,
,89966332,11/03/2025 11:11,11/03/2025 11:24,XAUUSD,Sell,0.080,0.00000,4015.27000,4023.79000,4015.25000,0.0000,0.0000,854.0,68.32,2.63,"PythonX XAUUSD M1[tp 4015.27]",525252,00:00:13:16,,,,,,,,,,,,
,89965520,11/03/2025 10:52,11/03/2025 11:05,XAUUSD,Sell,0.050,4021.31000,0.00000,4015.45000,4021.48000,0.0000,0.0000,-603.0,-30.15,-1.15,"PythonX XAUUSD M1[sl 4021.31]",525252,00:00:13:17,,,,,,,,,,,,
,89964167,11/03/2025 10:17,11/03/2025 10:24,XAUUSD,Buy,0.030,4016.32000,0.00000,4022.02000,4016.25000,0.0000,0.0000,-577.0,-17.31,-0.65,"PythonX XAUUSD M1[sl 4016.32]",525252,00:00:07:15,,,,,,,,,,,,
,89960897,11/03/2025 08:54,11/03/2025 09:02,XAUUSD,Sell,0.020,4022.53000,0.00000,4017.01000,4022.70000,0.0000,0.0000,-569.0,-11.38,-0.43,"PythonX XAUUSD M1[sl 4022.53]",525252,00:00:08:05,,,,,,,,,,,,
,89956878,11/03/2025 06:21,11/03/2025 07:04,XAUUSD,Buy,0.010,4000.94000,0.00000,4006.81000,4000.74000,0.0000,0.0000,-607.0,-6.07,-0.23,"PythonX XAUUSD M1[sl 4000.94]",525252,00:00:43:25,,,,,,,,,,,,
,89954084,11/03/2025 04:44,11/03/2025 05:01,XAUUSD,Sell,0.010,4008.48000,0.00000,4002.87000,4008.86000,0.0000,0.0000,-599.0,-5.99,-0.22,"PythonX XAUUSD M1[sl 4008.48]",525252,00:00:17:23,,,,,,,,,,,,
,89951905,11/03/2025 03:45,11/03/2025 04:20,XAUUSD,Buy,0.010,0.00000,4000.68000,3992.38000,4000.70000,0.0000,0.0000,832.0,8.32,0.31,"PythonX XAUUSD M1[tp 4000.68]",525252,00:00:35:55,,,,,,,,,,,,
,89951555,11/03/2025 03:34,11/03/2025 03:43,XAUUSD,Sell,0.010,0.00000,3991.69000,4000.32000,3991.68000,0.0000,0.0000,864.0,8.64,0.33,"PythonX XAUUSD M1[tp 3991.69]",525252,00:00:09:04,,,,,,,,,,,,
,89854223,10/31/2025 10:33,10/31/2025 10:44,XAUUSD,Sell,0.020,0.00000,4013.62000,4021.87000,4013.32000,0.0000,0.0000,855.0,17.10,0.65,"PythonX XAUUSD M1[tp 4013.62]",525252,00:00:11:43,,,,,,,,,,,,
,89852744,10/31/2025 10:00,10/31/2025 10:17,XAUUSD,Sell,0.010,4018.45000,0.00000,4012.79000,4018.94000,0.0000,0.0000,-615.0,-6.15,-0.23,"PythonX XAUUSD M1[sl 4018.45]",525252,00:00:17:47,,,,,,,,,,,,
,89850853,10/31/2025 08:49,10/31/2025 09:17,XAUUSD,Sell,0.010,4014.57000,0.00000,4008.77000,4014.59000,0.0000,0.0000,-582.0,-5.82,-0.22,"PythonX XAUUSD M1[sl 4014.57]",525252,00:00:28:21,,,,,,,,,,,,
,89849207,10/31/2025 07:54,10/31/2025 08:07,XAUUSD,Sell,0.010,0.00000,3997.91000,4006.21000,3997.85000,0.0000,0.0000,836.0,8.36,0.32,"PythonX XAUUSD M1[tp 3997.91]",525252,00:00:13:32,,,,,,,,,,,,
,89847183,10/31/2025 06:17,10/31/2025 07:07,XAUUSD,Buy,0.010,3991.00000,0.00000,3996.77000,3990.95000,0.0000,0.0000,-582.0,-5.82,-0.22,"PythonX XAUUSD M1[sl 3991.00]",525252,00:00:50:04,,,,,,,,,,,,
,89846462,10/31/2025 05:54,10/31/2025 06:04,XAUUSD,Sell,0.010,0.00000,4006.98000,4015.59000,4006.82000,0.0000,0.0000,877.0,8.77,0.33,"PythonX XAUUSD M1[tp 4006.98]",525252,00:00:10:11,,,,,,,,,,,,
,89771520,10/30/2025 12:10,10/30/2025 12:10,XAUUSD,Sell,0.020,4000.61000,0.00000,3994.86000,4000.64000,0.0000,0.0000,-578.0,-11.56,-0.44,"PythonX XAUUSD M1[sl 4000.61]",525252,00:00:00:35,,,,,,,,,,,,
,89768055,10/30/2025 10:36,10/30/2025 10:57,XAUUSD,Buy,0.010,3957.17000,0.00000,3962.83000,3957.03000,0.0000,0.0000,-580.0,-5.80,-0.22,"PythonX XAUUSD M1[sl 3957.17]",525252,00:00:21:18,,,,,,,,,,,,
,89762071,10/30/2025 07:58,10/30/2025 08:11,XAUUSD,Buy,0.010,3968.42000,0.00000,3974.11000,3968.40000,0.0000,0.0000,-571.0,-5.71,-0.21,"PythonX XAUUSD M1[sl 3968.42]",525252,00:00:13:05,,,,,,,,,,,,
,89757295,10/30/2025 06:03,10/30/2025 06:19,XAUUSD,Buy,0.010,0.00000,3930.40000,3922.37000,3930.45000,0.0000,0.0000,808.0,8.08,0.30,"PythonX XAUUSD M1[tp 3930.40]",525252,00:00:16:57,,,,,,,,,,,,
,89675728,10/29/2025 14:21,10/29/2025 14:34,XAUUSD,Buy,0.010,4015.53000,0.00000,4021.23000,4015.38000,0.0000,0.0000,-585.0,-5.85,-0.22,"PythonX XAUUSD M1[sl 4015.53]",525252,00:00:13:05,,,,,,,,,,,,
,89672076,10/29/2025 13:25,10/29/2025 14:15,XAUUSD,Sell,0.010,0.00000,4019.22000,4027.54000,4019.13000,0.0000,0.0000,841.0,8.41,0.32,"PythonX XAUUSD M1[tp 4019.22]",525252,00:00:50:39,,,,,,,,,,,,
,89667497,10/29/2025 11:48,10/29/2025 12:02,XAUUSD,Sell,0.010,4019.38000,0.00000,4013.68000,4019.38000,0.0000,0.0000,-570.0,-5.70,-0.21,"PythonX XAUUSD M1[sl 4019.38]",525252,00:00:14:45,,,,,,,,,,,,
,89664491,10/29/2025 10:34,10/29/2025 11:00,XAUUSD,Buy,0.050,0.00000,4002.99000,3994.69000,4002.99000,0.0000,0.0000,830.0,41.50,1.59,"PythonX XAUUSD M1[tp 4002.99]",525252,00:00:26:07,,,,,,,,,,,,
,89662444,10/29/2025 09:49,10/29/2025 10:10,XAUUSD,Sell,0.030,3987.58000,0.00000,3981.84000,3987.74000,0.0000,0.0000,-590.0,-17.70,-0.67,"PythonX XAUUSD M1[sl 3987.58]",525252,00:00:21:07,,,,,,,,,,,,
,89661612,10/29/2025 09:27,10/29/2025 09:33,XAUUSD,Sell,0.020,3975.92000,0.00000,3970.20000,3975.98000,0.0000,0.0000,-578.0,-11.56,-0.44,"PythonX XAUUSD M1[sl 3975.92]",525252,00:00:06:43,,,,,,,,,,,,
,89658078,10/29/2025 07:17,10/29/2025 07:25,XAUUSD,Buy,0.010,3954.94000,0.00000,3960.68000,3954.72000,0.0000,0.0000,-596.0,-5.96,-0.22,"PythonX XAUUSD M1[sl 3954.94]",525252,00:00:08:28,,,,,,,,,,,,
,89657531,10/29/2025 06:56,10/29/2025 07:05,XAUUSD,Buy,0.010,3961.79000,0.00000,3967.49000,3961.76000,0.0000,0.0000,-573.0,-5.73,-0.22,"PythonX XAUUSD M1[sl 3961.79]",525252,00:00:09:38,,,,,,,,,,,,
,89653318,10/29/2025 04:12,10/29/2025 04:40,XAUUSD,Sell,0.010,0.00000,3969.19000,3977.54000,3968.91000,0.0000,0.0000,863.0,8.63,0.33,"PythonX XAUUSD M1[tp 3969.19]",525252,00:00:28:03,,,,,,,,,,,,
,89653186,10/29/2025 04:08,10/29/2025 04:10,XAUUSD,Buy,0.010,0.00000,3979.47000,3971.17000,3979.49000,0.0000,0.0000,832.0,8.32,0.32,"PythonX XAUUSD M1[tp 3979.47]",525252,00:00:02:53,,,,,,,,,,,,
,89573742,10/28/2025 13:02,10/28/2025 13:34,XAUUSD,Buy,0.010,0.00000,3913.54000,3905.24000,3913.67000,0.0000,0.0000,843.0,8.43,0.32,"PythonX XAUUSD M1[tp 3913.54]",525252,00:00:32:49,,,,,,,,,,,,
,89569399,10/28/2025 11:23,10/28/2025 11:28,XAUUSD,Buy,0.010,3910.97000,0.00000,3915.99000,3910.90000,0.0000,0.0000,-509.0,-5.09,-0.19,"PythonX XAUUSD M1[sl 3910.97]",525252,00:00:05:13,,,,,,,,,,,,
,89557814,10/28/2025 06:20,10/28/2025 07:17,XAUUSD,Sell,0.010,0.00000,3981.83000,3989.78000,3981.77000,0.0000,0.0000,801.0,8.01,0.30,"PythonX XAUUSD M1[tp 3981.83]",525252,00:00:57:07,,,,,,,,,,,,
,89556750,10/28/2025 05:40,10/28/2025 05:52,XAUUSD,Buy,0.010,3984.87000,0.00000,3990.56000,3984.79000,0.0000,0.0000,-577.0,-5.77,-0.22,"PythonX XAUUSD M1[sl 3984.87]",525252,00:00:12:53,,,,,,,,,,,,
,89495354,10/27/2025 15:27,10/27/2025 15:30,XAUUSD,Sell,0.030,0.00000,4031.84000,4040.20000,4031.83000,0.0000,0.0000,837.0,25.11,0.96,"PythonX XAUUSD M1[tp 4031.84]",525252,00:00:03:47,,,,,,,,,,,,
,89489040,10/27/2025 14:13,10/27/2025 14:37,XAUUSD,Buy,0.020,4023.95000,0.00000,4029.65000,4023.88000,0.0000,0.0000,-577.0,-11.54,-0.44,"PythonX XAUUSD M1[sl 4023.95]",525252,00:00:24:12,,,,,,,,,,,,
,89482076,10/27/2025 11:04,10/27/2025 11:22,XAUUSD,Buy,0.010,4060.82000,0.00000,4066.52000,4060.72000,0.0000,0.0000,-580.0,-5.80,-0.22,"PythonX XAUUSD M1[sl 4060.82]",525252,00:00:18:13,,,,,,,,,,,,
,89478849,10/27/2025 07:58,10/27/2025 08:13,XAUUSD,Sell,0.010,4074.85000,0.00000,4069.13000,4074.92000,0.0000,0.0000,-579.0,-5.79,-0.22,"PythonX XAUUSD M1[sl 4074.85]",525252,00:00:15:29,,,,,,,,,,,,
,89478638,10/27/2025 07:44,10/27/2025 07:54,XAUUSD,Buy,0.010,0.00000,4068.25000,4059.90000,4068.82000,0.0000,0.0000,892.0,8.92,0.34,"PythonX XAUUSD M1[tp 4068.25]",525252,00:00:10:37,,,,,,,,,,,,
,89475402,10/27/2025 04:39,10/27/2025 05:00,XAUUSD,Buy,0.010,4081.07000,0.00000,4086.83000,4081.07000,0.0000,0.0000,-576.0,-5.76,-0.22,"PythonX XAUUSD M1[sl 4081.07]",525252,00:00:21:02,,,,,,,,,,,,
,89472146,10/27/2025 03:04,10/27/2025 03:32,XAUUSD,Buy,0.020,0.00000,4072.71000,4064.60000,4072.83000,0.0000,0.0000,823.0,16.46,0.63,"PythonX XAUUSD M1[tp 4072.71]",525252,00:00:28:17,,,,,,,,,,,,
,89381849,10/24/2025 10:39,10/24/2025 10:51,XAUUSD,Buy,0.010,4081.61000,0.00000,4087.26000,4081.56000,0.0000,0.0000,-570.0,-5.70,-0.22,"PythonX XAUUSD M1[sl 4081.61]",525252,00:00:12:24,,,,,,,,,,,,
,89380576,10/24/2025 10:00,10/24/2025 10:26,XAUUSD,Buy,0.010,4086.77000,0.00000,4092.66000,4086.74000,0.0000,0.0000,-592.0,-5.92,-0.23,"PythonX XAUUSD M1[sl 4086.77]",525252,00:00:26:17,,,,,,,,,,,,
,89377597,10/24/2025 08:06,10/24/2025 08:38,XAUUSD,Sell,0.010,0.00000,4107.03000,4115.52000,4107.00000,0.0000,0.0000,852.0,8.52,0.33,"PythonX XAUUSD M1[tp 4107.03]",525252,00:00:32:03,,,,,,,,,,,,
,89377354,10/24/2025 07:53,10/24/2025 08:04,XAUUSD,Sell,0.010,4117.71000,0.00000,4112.01000,4117.85000,0.0000,0.0000,-584.0,-5.84,-0.22,"PythonX XAUUSD M1[sl 4117.71]",525252,00:00:11:48,,,,,,,,,,,,
,89375516,10/24/2025 06:53,10/24/2025 07:19,XAUUSD,Sell,0.030,0.00000,0.00000,4120.32000,4112.83000,0.0000,0.0000,749.0,22.47,0.86,"PythonX XAUUSD M1",525252,00:00:26:21,,,,,,,,,,,,
,89371224,10/24/2025 04:58,10/24/2025 05:25,XAUUSD,Buy,0.020,4110.03000,0.00000,4115.55000,4110.03000,0.0000,0.0000,-552.0,-11.04,-0.42,"PythonX XAUUSD M1[sl 4110.03]",525252,00:00:27:34,,,,,,,,,,,,
,89367846,10/24/2025 04:12,10/24/2025 04:15,XAUUSD,Sell,0.010,4144.56000,0.00000,4138.91000,4144.60000,0.0000,0.0000,-569.0,-5.69,-0.22,"PythonX XAUUSD M1[sl 4144.56]",525252,00:00:03:08,,,,,,,,,,,,
,89365862,10/24/2025 03:13,10/24/2025 04:03,XAUUSD,Sell,0.010,4135.78000,0.00000,4130.08000,4135.87000,0.0000,0.0000,-579.0,-5.79,-0.22,"PythonX XAUUSD M1[sl 4135.78]",525252,00:00:50:28,,,,,,,,,,,,
,89289335,10/23/2025 12:21,10/23/2025 12:43,XAUUSD,Sell,0.010,0.00000,0.00000,4122.38000,4114.60000,0.0000,0.0000,778.0,7.78,0.30,"PythonX XAUUSD M1",525252,00:00:22:47,,,,,,,,,,,,
,89288342,10/23/2025 11:40,10/23/2025 12:15,XAUUSD,Buy,0.010,0.00000,4119.19000,4110.59000,4119.22000,0.0000,0.0000,863.0,8.63,0.33,"PythonX XAUUSD M1[tp 4119.19]",525252,00:00:35:16,,,,,,,,,,,,
,89286531,10/23/2025 10:39,10/23/2025 10:42,XAUUSD,Buy,0.010,0.00000,4107.66000,4099.26000,4107.72000,0.0000,0.0000,846.0,8.46,0.33,"PythonX XAUUSD M1[tp 4107.66]",525252,00:00:03:54,,,,,,,,,,,,
,89285387,10/23/2025 10:00,10/23/2025 10:35,XAUUSD,Buy,0.010,4107.87000,0.00000,4113.10000,4107.84000,0.0000,0.0000,-526.0,-5.26,-0.20,"PythonX XAUUSD M1[sl 4107.87]",525252,00:00:35:04,,,,,,,,,,,,
,89282137,10/23/2025 08:25,10/23/2025 08:32,XAUUSD,Buy,0.010,0.00000,4094.53000,4086.03000,4094.70000,0.0000,0.0000,867.0,8.67,0.33,"PythonX XAUUSD M1[tp 4094.53]",525252,00:00:07:08,,,,,,,,,,,,
,89281153,10/23/2025 07:24,10/23/2025 08:13,XAUUSD,Buy,0.010,0.00000,4093.58000,4085.11000,4093.83000,0.0000,0.0000,872.0,8.72,0.34,"PythonX XAUUSD M1[tp 4093.58]",525252,00:00:49:04,,,,,,,,,,,,
,89280243,10/23/2025 06:23,10/23/2025 07:12,XAUUSD,Sell,0.010,0.00000,4087.76000,4096.20000,4087.76000,0.0000,0.0000,844.0,8.44,0.33,"PythonX XAUUSD M1[tp 4087.76]",525252,00:00:49:07,,,,,,,,,,,,
,89206414,10/22/2025 13:34,10/22/2025 13:36,XAUUSD,Sell,0.010,0.00000,4079.13000,4087.61000,4079.11000,0.0000,0.0000,850.0,8.50,0.33,"PythonX XAUUSD M1[tp 4079.13]",525252,00:00:02:45,,,,,,,,,,,,
,89205731,10/22/2025 13:17,10/22/2025 13:24,XAUUSD,Sell,0.010,4079.88000,0.00000,4074.17000,4080.43000,0.0000,0.0000,-626.0,-6.26,-0.24,"PythonX XAUUSD M1[sl 4079.88]",525252,00:00:07:23,,,,,,,,,,,,
,89205032,10/22/2025 12:46,10/22/2025 13:04,XAUUSD,Buy,0.010,0.00000,4075.31000,4066.75000,4075.39000,0.0000,0.0000,864.0,8.64,0.34,"PythonX XAUUSD M1[tp 4075.31]",525252,00:00:18:07,,,,,,,,,,,,
,89201381,10/22/2025 11:19,10/22/2025 11:20,XAUUSD,Buy,0.030,0.00000,4081.83000,4073.39000,4082.13000,0.0000,0.0000,874.0,26.22,1.03,"PythonX XAUUSD M1[tp 4081.83]",525252,00:00:01:07,,,,,,,,,,,,
,89196903,10/22/2025 10:10,10/22/2025 10:57,XAUUSD,Buy,0.020,4134.17000,0.00000,4139.95000,4134.17000,0.0000,0.0000,-578.0,-11.56,-0.45,"PythonX XAUUSD M1[sl 4134.17]",525252,00:00:47:38,,,,,,,,,,,,
,89196065,10/22/2025 09:46,10/22/2025 09:47,XAUUSD,Sell,0.010,4159.76000,0.00000,4153.95000,4159.77000,0.0000,0.0000,-582.0,-5.82,-0.23,"PythonX XAUUSD M1[sl 4159.76]",525252,00:00:01:30,,,,,,,,,,,,
,89195556,10/22/2025 09:29,10/22/2025 09:31,XAUUSD,Sell,0.010,4147.28000,0.00000,4141.58000,4147.42000,0.0000,0.0000,-584.0,-5.84,-0.23,"PythonX XAUUSD M1[sl 4147.28]",525252,00:00:02:34,,,,,,,,,,,,
,89195185,10/22/2025 09:04,10/22/2025 09:26,XAUUSD,Buy,0.010,0.00000,4141.48000,4132.98000,4141.80000,0.0000,0.0000,882.0,8.82,0.35,"PythonX XAUUSD M1[tp 4141.48]",525252,00:00:22:43,,,,,,,,,,,,
,49445561,10/22/2025 09:03,,,Withdrawal,0.000,0.00000,0.00000,0.00000,0.00000,0.0000,0.0000,0.0,-500.00,0,"CORR:HUCUM2",0,00:00:00:00,,,,,,,,,,,,
,89194359,10/22/2025 08:22,10/22/2025 08:31,XAUUSD,Sell,0.020,0.00000,4136.22000,4144.72000,4136.13000,0.0000,0.0000,859.0,17.18,0.57,"PythonX XAUUSD M1[tp 4136.22]",525252,00:00:09:47,,,,,,,,,,,,
,89193036,10/22/2025 07:01,10/22/2025 07:05,XAUUSD,Buy,0.010,4124.85000,0.00000,4130.65000,4124.71000,0.0000,0.0000,-594.0,-5.94,-0.20,"PythonX XAUUSD M1[sl 4124.85]",525252,00:00:04:06,,,,,,,,,,,,
,89189667,10/22/2025 04:30,10/22/2025 04:33,XAUUSD,Buy,0.010,4099.13000,0.00000,4104.71000,4099.00000,0.0000,0.0000,-571.0,-5.71,-0.19,"PythonX XAUUSD M1[sl 4099.13]",525252,00:00:03:20,,,,,,,,,,,,
,89101598,10/21/2025 14:18,10/21/2025 14:20,XAUUSD,Sell,0.010,0.00000,4259.22000,4267.73000,4259.19000,0.0000,0.0000,854.0,8.54,0.28,"PythonX XAUUSD M1[tp 4259.22]",525252,00:00:02:47,,,,,,,,,,,,
,89100012,10/21/2025 13:30,10/21/2025 14:00,XAUUSD,Sell,0.010,0.00000,4255.94000,4264.52000,4254.96000,0.0000,0.0000,956.0,9.56,0.32,"PythonX XAUUSD M1[tp 4255.94]",525252,00:00:30:38,,,,,,,,,,,,
,89096572,10/21/2025 12:03,10/21/2025 12:05,XAUUSD,Sell,0.010,0.00000,4264.93000,4273.47000,4264.86000,0.0000,0.0000,861.0,8.61,0.29,"PythonX XAUUSD M1[tp 4264.93]",525252,00:00:02:35,,,,,,,,,,,,
,89095803,10/21/2025 11:42,10/21/2025 11:45,XAUUSD,Sell,0.010,4273.88000,0.00000,4267.96000,4274.08000,0.0000,0.0000,-612.0,-6.12,-0.20,"PythonX XAUUSD M1[sl 4273.88]",525252,00:00:03:58,,,,,,,,,,,,
,89087933,10/21/2025 09:51,10/21/2025 10:07,XAUUSD,Sell,0.010,0.00000,4333.77000,4342.10000,4333.56000,0.0000,0.0000,854.0,8.54,0.28,"PythonX XAUUSD M1[tp 4333.77]",525252,00:00:16:28,,,,,,,,,,,,
,89086856,10/21/2025 09:17,10/21/2025 09:41,XAUUSD,Sell,0.010,4334.92000,0.00000,4329.13000,4334.94000,0.0000,0.0000,-581.0,-5.81,-0.19,"PythonX XAUUSD M1[sl 4334.92]",525252,00:00:24:44,,,,,,,,,,,,
,89081978,10/21/2025 06:10,10/21/2025 08:06,XAUUSD,Sell,0.010,0.00000,4337.23000,4345.82000,4337.17000,0.0000,0.0000,865.0,8.65,0.29,"PythonX XAUUSD M1[tp 4337.23]",525252,00:01:56:24,,,,,,,,,,,,
,89081231,10/21/2025 05:41,10/21/2025 05:50,XAUUSD,Buy,0.010,4335.46000,0.00000,4341.22000,4335.42000,0.0000,0.0000,-580.0,-5.80,-0.19,"PythonX XAUUSD M1[sl 4335.46]",525252,00:00:09:30,,,,,,,,,,,,
,89080384,10/21/2025 05:12,10/21/2025 05:23,XAUUSD,Buy,0.020,0.00000,4353.57000,4345.03000,4353.61000,0.0000,0.0000,858.0,17.16,0.57,"PythonX XAUUSD M1[tp 4353.57]",525252,00:00:11:08,,,,,,,,,,,,
,89078346,10/21/2025 04:27,10/21/2025 04:30,XAUUSD,Buy,0.010,4346.89000,0.00000,4353.18000,4346.81000,0.0000,0.0000,-637.0,-6.37,-0.21,"PythonX XAUUSD M1[sl 4346.89]",525252,00:00:03:17,,,,,,,,,,,,
,89078037,10/21/2025 04:19,10/21/2025 04:24,XAUUSD,Buy,0.010,4352.22000,0.00000,4358.12000,4351.93000,0.0000,0.0000,-619.0,-6.19,-0.21,"PythonX XAUUSD M1[sl 4352.22]",525252,00:00:05:36,,,,,,,,,,,,
,89076639,10/21/2025 03:26,10/21/2025 04:15,XAUUSD,Sell,0.010,0.00000,4358.02000,4366.58000,4357.70000,0.0000,0.0000,888.0,8.88,0.30,"PythonX XAUUSD M1[tp 4358.02]",525252,00:00:49:24,,,,,,,,,,,,
,89074946,10/21/2025 02:30,10/21/2025 02:53,XAUUSD,Buy,0.010,4357.00000,0.00000,4362.10000,4356.85000,0.0000,0.0000,-525.0,-5.25,-0.17,"PythonX XAUUSD M1[sl 4357.00]",525252,00:00:23:27,,,,,,,,,,,,
,89074330,10/21/2025 02:06,10/21/2025 02:29,XAUUSD,Sell,0.010,0.00000,4360.94000,4369.46000,4360.50000,0.0000,0.0000,896.0,8.96,0.30,"PythonX XAUUSD M1[tp 4360.94]",525252,00:00:23:42,,,,,,,,,,,,
,89073380,10/21/2025 01:25,10/21/2025 01:35,XAUUSD,Sell,0.030,0.00000,4364.36000,4372.84000,4364.21000,0.0000,0.0000,863.0,25.89,0.87,"PythonX XAUUSD M1[tp 4364.36]",525252,00:00:10:19,,,,,,,,,,,,
,89066396,10/20/2025 22:33,10/20/2025 22:48,XAUUSD,Sell,0.020,4372.36000,0.00000,4366.56000,4372.36000,0.0000,0.0000,-580.0,-11.60,-0.39,"PythonX XAUUSD M1[sl 4372.36]",525252,00:00:15:56,,,,,,,,,,,,
,89064553,10/20/2025 22:03,10/20/2025 22:09,XAUUSD,Sell,0.010,4366.77000,0.00000,4360.96000,4366.82000,0.0000,0.0000,-586.0,-5.86,-0.20,"PythonX XAUUSD M1[sl 4366.77]",525252,00:00:06:41,,,,,,,,,,,,
,89062405,10/20/2025 21:32,10/20/2025 21:38,XAUUSD,Sell,0.010,4363.20000,0.00000,4357.36000,4363.21000,0.0000,0.0000,-585.0,-5.85,-0.19,"PythonX XAUUSD M1[sl 4363.20]",525252,00:00:06:24,,,,,,,,,,,,
,89057015,10/20/2025 20:00,10/20/2025 20:33,XAUUSD,Sell,0.010,0.00000,4339.07000,4347.55000,4339.06000,0.0000,0.0000,849.0,8.49,0.28,"PythonX XAUUSD M1[tp 4339.07]",525252,00:00:33:11,,,,,,,,,,,,
,89047229,10/20/2025 18:21,10/20/2025 18:25,XAUUSD,Sell,0.050,0.00000,4344.60000,4353.04000,4344.31000,0.0000,0.0000,873.0,43.65,1.48,"PythonX XAUUSD M1[tp 4344.60]",525252,00:00:04:13,,,,,,,,,,,,
,89045808,10/20/2025 18:14,10/20/2025 18:16,XAUUSD,Sell,0.030,4349.58000,0.00000,4343.94000,4349.60000,0.0000,0.0000,-566.0,-16.98,-0.57,"PythonX XAUUSD M1[sl 4349.58]",525252,00:00:02:11,,,,,,,,,,,,
,89026485,10/20/2025 16:34,10/20/2025 16:35,XAUUSD,Buy,0.020,4306.58000,0.00000,4312.43000,4306.08000,0.0000,0.0000,-635.0,-12.70,-0.43,"PythonX XAUUSD M1[sl 4306.58]",525252,00:00:01:23,,,,,,,,,,,,
,89010237,10/20/2025 15:26,10/20/2025 15:33,XAUUSD,Sell,0.010,4300.83000,0.00000,4295.10000,4300.91000,0.0000,0.0000,-581.0,-5.81,-0.19,"PythonX XAUUSD M1[sl 4300.83]",525252,00:00:07:07,,,,,,,,,,,,
,89002542,10/20/2025 14:40,10/20/2025 14:56,XAUUSD,Sell,0.010,4269.75000,0.00000,4264.01000,4270.04000,0.0000,0.0000,-603.0,-6.03,-0.20,"PythonX XAUUSD M1[sl 4269.75]",525252,00:00:16:13,,,,,,,,,,,,
,88996450,10/20/2025 12:22,10/20/2025 12:47,XAUUSD,Buy,0.010,0.00000,4262.30000,4253.81000,4262.31000,0.0000,0.0000,850.0,8.50,0.28,"PythonX XAUUSD M1[tp 4262.30]",525252,00:00:25:57,,,,,,,,,,,,
,88995077,10/20/2025 11:37,10/20/2025 11:50,XAUUSD,Sell,0.010,0.00000,4253.33000,4261.84000,4253.27000,0.0000,0.0000,857.0,8.57,0.29,"PythonX XAUUSD M1[tp 4253.33]",525252,00:00:13:54,,,,,,,,,,,,
,88989581,10/20/2025 09:06,10/20/2025 09:10,XAUUSD,Buy,0.010,0.00000,4244.31000,4235.80000,4244.37000,0.0000,0.0000,857.0,8.57,0.29,"PythonX XAUUSD M1[tp 4244.31]",525252,00:00:04:43,,,,,,,,,,,,
,88986130,10/20/2025 06:58,10/20/2025 08:21,XAUUSD,Sell,0.010,0.00000,4255.32000,4263.82000,4255.30000,0.0000,0.0000,852.0,8.52,0.29,"PythonX XAUUSD M1[tp 4255.32]",525252,00:01:23:36,,,,,,,,,,,,
,88984227,10/20/2025 05:47,10/20/2025 05:55,XAUUSD,Buy,0.010,4255.24000,0.00000,4261.26000,4254.91000,0.0000,0.0000,-635.0,-6.35,-0.21,"PythonX XAUUSD M1[sl 4255.24]",525252,00:00:08:41,,,,,,,,,,,,
,88983795,10/20/2025 05:33,10/20/2025 05:45,XAUUSD,Sell,0.010,0.00000,4260.83000,4269.13000,4260.83000,0.0000,0.0000,830.0,8.30,0.28,"PythonX XAUUSD M1[tp 4260.83]",525252,00:00:12:00,,,,,,,,,,,,
,88885519,10/17/2025 10:57,10/17/2025 11:00,XAUUSD,Buy,0.020,0.00000,4345.08000,4336.73000,4345.14000,0.0000,0.0000,841.0,16.82,0.57,"PythonX XAUUSD M1[tp 4345.08]",525252,00:00:03:11,,,,,,,,,,,,
,88877725,10/17/2025 08:30,10/17/2025 08:32,XAUUSD,Buy,0.010,4354.04000,0.00000,4360.19000,4353.95000,0.0000,0.0000,-624.0,-6.24,-0.21,"PythonX XAUUSD M1[sl 4354.04]",525252,00:00:02:11,,,,,,,,,,,,
,88874042,10/17/2025 05:51,10/17/2025 06:08,XAUUSD,Sell,0.010,4348.59000,0.00000,4342.78000,4348.61000,0.0000,0.0000,-583.0,-5.83,-0.20,"PythonX XAUUSD M1[sl 4348.59]",525252,00:00:17:09,,,,,,,,,,,,
,88868790,10/17/2025 04:05,10/17/2025 04:10,XAUUSD,Buy,0.010,0.00000,4359.22000,4350.72000,4359.26000,0.0000,0.0000,854.0,8.54,0.29,"PythonX XAUUSD M1[tp 4359.22]",525252,00:00:05:56,,,,,,,,,,,,
,88866867,10/17/2025 03:04,10/17/2025 03:09,XAUUSD,Buy,0.010,4360.16000,0.00000,4365.96000,4360.16000,0.0000,0.0000,-580.0,-5.80,-0.20,"PythonX XAUUSD M1[sl 4360.16]",525252,00:00:05:30,,,,,,,,,,,,
,88866429,10/17/2025 02:53,10/17/2025 02:54,XAUUSD,Sell,0.020,0.00000,4367.01000,4375.52000,4367.00000,0.0000,0.0000,852.0,17.04,0.58,"PythonX XAUUSD M1[tp 4367.01]",525252,00:00:01:12,,,,,,,,,,,,
,88866278,10/17/2025 02:50,10/17/2025 02:51,XAUUSD,Sell,0.010,4378.52000,0.00000,4372.77000,4378.61000,0.0000,0.0000,-584.0,-5.84,-0.20,"PythonX XAUUSD M1[sl 4378.52]",525252,00:00:01:19,,,,,,,,,,,,
,88864841,10/17/2025 02:11,10/17/2025 02:24,XAUUSD,Sell,0.010,4361.93000,0.00000,4356.13000,4362.01000,0.0000,0.0000,-588.0,-5.88,-0.20,"PythonX XAUUSD M1[sl 4361.93]",525252,00:00:13:10,,,,,,,,,,,,
,88863487,10/17/2025 01:38,10/17/2025 01:46,XAUUSD,Buy,0.050,0.00000,4362.98000,4354.40000,4363.03000,0.0000,0.0000,863.0,43.15,1.49,"PythonX XAUUSD M1[tp 4362.98]",525252,00:00:08:19,,,,,,,,,,,,
,88856558,10/16/2025 22:28,10/16/2025 22:53,XAUUSD,Sell,0.030,4301.29000,0.00000,4295.48000,4301.37000,0.0000,0.0000,-589.0,-17.67,-0.61,"PythonX XAUUSD M1[sl 4301.29]",525252,00:00:25:40,,,,,,,,,,,,
,88853164,10/16/2025 21:40,10/16/2025 22:25,XAUUSD,Sell,0.020,4296.43000,0.00000,4290.66000,4296.47000,0.0000,0.0000,-581.0,-11.62,-0.40,"PythonX XAUUSD M1[sl 4296.43]",525252,00:00:45:36,,,,,,,,,,,,
,88835488,10/16/2025 19:22,10/16/2025 19:23,XAUUSD,Sell,0.010,4289.25000,0.00000,4283.50000,4289.25000,0.0000,0.0000,-575.0,-5.75,-0.20,"PythonX XAUUSD M1[sl 4289.25]",525252,00:00:01:35,,,,,,,,,,,,
,88832374,10/16/2025 18:56,10/16/2025 19:13,XAUUSD,Sell,0.010,4279.62000,0.00000,4273.78000,4279.62000,0.0000,0.0000,-584.0,-5.84,-0.20,"PythonX XAUUSD M1[sl 4279.62]",525252,00:00:17:36,,,,,,,,,,,,
,88820190,10/16/2025 17:33,10/16/2025 17:45,XAUUSD,Sell,0.010,0.00000,4256.51000,4265.05000,4256.51000,0.0000,0.0000,854.0,8.54,0.29,"PythonX XAUUSD M1[tp 4256.51]",525252,00:00:12:46,,,,,,,,,,,,
,88805608,10/16/2025 16:26,10/16/2025 16:42,XAUUSD,Sell,0.010,4257.97000,0.00000,4252.18000,4258.11000,0.0000,0.0000,-593.0,-5.93,-0.20,"PythonX XAUUSD M1[sl 4257.97]",525252,00:00:16:45,,,,,,,,,,,,
,88786886,10/16/2025 14:46,10/16/2025 15:26,XAUUSD,Sell,0.010,0.00000,4237.45000,4245.95000,4237.42000,0.0000,0.0000,853.0,8.53,0.29,"PythonX XAUUSD M1[tp 4237.45]",525252,00:00:40:09,,,,,,,,,,,,
,88783587,10/16/2025 13:04,10/16/2025 14:44,XAUUSD,Sell,0.010,4246.82000,0.00000,4240.99000,4246.85000,0.0000,0.0000,-586.0,-5.86,-0.20,"PythonX XAUUSD M1[sl 4246.82]",525252,00:01:40:31,,,,,,,,,,,,
,88782307,10/16/2025 12:31,10/16/2025 12:55,XAUUSD,Buy,0.010,0.00000,4233.74000,4225.28000,4233.82000,0.0000,0.0000,854.0,8.54,0.29,"PythonX XAUUSD M1[tp 4233.74]",525252,00:00:24:14,,,,,,,,,,,,
,88781543,10/16/2025 12:05,10/16/2025 12:26,XAUUSD,Sell,0.030,0.00000,4225.21000,4233.71000,4225.12000,0.0000,0.0000,859.0,25.77,0.89,"PythonX XAUUSD M1[tp 4225.21]",525252,00:00:21:49,,,,,,,,,,,,
,88778830,10/16/2025 10:16,10/16/2025 11:02,XAUUSD,Sell,0.020,4235.54000,0.00000,4229.77000,4235.58000,0.0000,0.0000,-581.0,-11.62,-0.40,"PythonX XAUUSD M1[sl 4235.54]",525252,00:00:46:06,,,,,,,,,,,,
,88776938,10/16/2025 09:19,10/16/2025 10:10,XAUUSD,Sell,0.010,4229.56000,0.00000,4223.76000,4229.56000,0.0000,0.0000,-580.0,-5.80,-0.20,"PythonX XAUUSD M1[sl 4229.56]",525252,00:00:51:16,,,,,,,,,,,,
,88773933,10/16/2025 07:53,10/16/2025 08:14,XAUUSD,Buy,0.010,4225.47000,0.00000,4231.27000,4225.46000,0.0000,0.0000,-581.0,-5.81,-0.20,"PythonX XAUUSD M1[sl 4225.47]",525252,00:00:21:38,,,,,,,,,,,,
,88773544,10/16/2025 07:26,10/16/2025 07:51,XAUUSD,Sell,0.030,0.00000,4229.46000,4237.96000,4229.40000,0.0000,0.0000,856.0,25.68,0.89,"PythonX XAUUSD M1[tp 4229.46]",525252,00:00:25:59,,,,,,,,,,,,
,88772757,10/16/2025 06:27,10/16/2025 06:35,XAUUSD,Buy,0.020,4231.39000,0.00000,4236.97000,4231.36000,0.0000,0.0000,-561.0,-11.22,-0.39,"PythonX XAUUSD M1[sl 4231.39]",525252,00:00:08:55,,,,,,,,,,,,
,88771900,10/16/2025 05:46,10/16/2025 06:03,XAUUSD,Sell,0.010,4241.11000,0.00000,4235.29000,4241.11000,0.0000,0.0000,-582.0,-5.82,-0.20,"PythonX XAUUSD M1[sl 4241.11]",525252,00:00:17:52,,,,,,,,,,,,
,88770342,10/16/2025 04:39,10/16/2025 05:06,XAUUSD,Sell,0.010,4233.56000,0.00000,4227.58000,4233.75000,0.0000,0.0000,-617.0,-6.17,-0.21,"PythonX XAUUSD M1[sl 4233.56]",525252,00:00:27:54,,,,,,,,,,,,
,88767123,10/16/2025 03:30,10/16/2025 03:59,XAUUSD,Sell,0.030,0.00000,4214.63000,4222.69000,4214.42000,0.0000,0.0000,827.0,24.81,0.86,"PythonX XAUUSD M1[tp 4214.63]",525252,00:00:29:40,,,,,,,,,,,,
,88757307,10/15/2025 21:08,10/15/2025 22:17,XAUUSD,Sell,0.020,4207.07000,0.00000,4201.21000,4207.23000,0.0000,0.0000,-602.0,-12.04,-0.41,"PythonX XAUUSD M1[sl 4207.07]",525252,00:01:09:56,,,,,,,,,,,,
,88756837,10/15/2025 21:02,10/15/2025 21:05,XAUUSD,Sell,0.010,4202.92000,0.00000,4197.12000,4202.97000,0.0000,0.0000,-585.0,-5.85,-0.20,"PythonX XAUUSD M1[sl 4202.92]",525252,00:00:03:26,,,,,,,,,,,,
,88748887,10/15/2025 19:41,10/15/2025 20:13,XAUUSD,Buy,0.010,4188.12000,0.00000,4193.88000,4188.11000,0.0000,0.0000,-577.0,-5.77,-0.20,"PythonX XAUUSD M1[sl 4188.12]",525252,00:00:32:05,,,,,,,,,,,,
,88739576,10/15/2025 18:11,10/15/2025 18:34,XAUUSD,Sell,0.020,0.00000,4190.08000,4198.88000,4189.99000,0.0000,0.0000,889.0,17.78,0.61,"PythonX XAUUSD M1[tp 4190.08]",525252,00:00:23:32,,,,,,,,,,,,
,88730452,10/15/2025 17:08,10/15/2025 17:10,XAUUSD,Sell,0.010,4208.67000,0.00000,4203.07000,4209.20000,0.0000,0.0000,-613.0,-6.13,-0.21,"PythonX XAUUSD M1[sl 4208.67]",525252,00:00:02:59,,,,,,,,,,,,
,88724145,10/15/2025 16:44,10/15/2025 17:01,XAUUSD,Sell,0.010,4199.76000,0.00000,4193.97000,4200.42000,0.0000,0.0000,-645.0,-6.45,-0.22,"PythonX XAUUSD M1[sl 4199.76]",525252,00:00:17:22,,,,,,,,,,,,
,88722231,10/15/2025 16:36,10/15/2025 16:42,XAUUSD,Buy,0.050,0.00000,4196.59000,4187.97000,4196.62000,0.0000,0.0000,865.0,43.25,1.51,"PythonX XAUUSD M1[tp 4196.59]",525252,00:00:06:58,,,,,,,,,,,,
,88702471,10/15/2025 14:35,10/15/2025 14:49,XAUUSD,Buy,0.030,4193.64000,0.00000,4199.52000,4193.63000,0.0000,0.0000,-589.0,-17.67,-0.61,"PythonX XAUUSD M1[sl 4193.64]",525252,00:00:14:56,,,,,,,,,,,,
,88697062,10/15/2025 12:18,10/15/2025 12:19,XAUUSD,Buy,0.020,4194.03000,0.00000,4199.78000,4193.49000,0.0000,0.0000,-629.0,-12.58,-0.43,"PythonX XAUUSD M1[sl 4194.03]",525252,00:00:01:24,,,,,,,,,,,,
,88692333,10/15/2025 10:44,10/15/2025 11:06,XAUUSD,Sell,0.010,4210.51000,0.00000,4204.71000,4210.71000,0.0000,0.0000,-600.0,-6.00,-0.21,"PythonX XAUUSD M1[sl 4210.51]",525252,00:00:22:24,,,,,,,,,,,,
,88690854,10/15/2025 09:54,10/15/2025 10:37,XAUUSD,Sell,0.010,4202.83000,0.00000,4197.26000,4203.04000,0.0000,0.0000,-578.0,-5.78,-0.20,"PythonX XAUUSD M1[sl 4202.83]",525252,00:00:43:43,,,,,,,,,,,,
,88689571,10/15/2025 09:03,10/15/2025 09:46,XAUUSD,Buy,0.050,0.00000,4195.63000,4187.05000,4195.83000,0.0000,0.0000,878.0,43.90,1.53,"PythonX XAUUSD M1[tp 4195.63]",525252,00:00:43:42,,,,,,,,,,,,
,88687259,10/15/2025 07:05,10/15/2025 07:22,XAUUSD,Buy,0.030,4180.07000,0.00000,4185.87000,4180.06000,0.0000,0.0000,-581.0,-17.43,-0.60,"PythonX XAUUSD M1[sl 4180.07]",525252,00:00:17:42,,,,,,,,,,,,
,88686160,10/15/2025 06:05,10/15/2025 06:11,XAUUSD,Sell,0.020,4183.76000,0.00000,4177.91000,4183.77000,0.0000,0.0000,-586.0,-11.72,-0.40,"PythonX XAUUSD M1[sl 4183.76]",525252,00:00:06:22,,,,,,,,,,,,
,88676405,10/15/2025 03:46,10/15/2025 04:04,XAUUSD,Sell,0.010,4172.59000,0.00000,4166.74000,4173.33000,0.0000,0.0000,-659.0,-6.59,-0.23,"PythonX XAUUSD M1[sl 4172.59]",525252,00:00:18:39,,,,,,,,,,,,
,88671283,10/15/2025 02:31,10/15/2025 03:12,XAUUSD,Sell,0.010,4168.92000,0.00000,4163.21000,4168.92000,0.0000,0.0000,-571.0,-5.71,-0.20,"PythonX XAUUSD M1[sl 4168.92]",525252,00:00:41:45,,,,,,,,,,,,
,88666435,10/15/2025 01:06,10/15/2025 01:11,XAUUSD,Buy,0.010,0.00000,4151.93000,4143.35000,4151.97000,0.0000,0.0000,862.0,8.62,0.30,"PythonX XAUUSD M1[tp 4151.93]",525252,00:00:05:52,,,,,,,,,,,,
,88660234,10/14/2025 22:39,10/14/2025 22:39,XAUUSD,Buy,0.010,4138.81000,0.00000,4144.64000,4138.69000,0.0000,0.0000,-595.0,-5.95,-0.20,"PythonX XAUUSD M1[sl 4138.81]",525252,00:00:00:44,,,,,,,,,,,,
,88649018,10/14/2025 21:04,10/14/2025 22:36,XAUUSD,Sell,0.030,0.00000,4142.47000,4150.98000,4142.45000,0.0000,0.0000,853.0,25.59,0.89,"PythonX XAUUSD M1[tp 4142.47]",525252,00:01:32:26,,,,,,,,,,,,
,88636952,10/14/2025 19:42,10/14/2025 19:47,XAUUSD,Sell,0.020,4145.27000,0.00000,4139.49000,4145.93000,0.0000,0.0000,-644.0,-12.88,-0.44,"PythonX XAUUSD M1[sl 4145.27]",525252,00:00:05:21,,,,,,,,,,,,
,88606840,10/14/2025 17:14,10/14/2025 18:12,XAUUSD,Sell,0.010,4140.03000,0.00000,4134.27000,4140.04000,0.0000,0.0000,-577.0,-5.77,-0.20,"PythonX XAUUSD M1[sl 4140.03]",525252,00:00:58:47,,,,,,,,,,,,
,88581902,10/14/2025 15:56,10/14/2025 16:00,XAUUSD,Buy,0.010,4102.90000,0.00000,4108.71000,4102.89000,0.0000,0.0000,-582.0,-5.82,-0.20,"PythonX XAUUSD M1[sl 4102.90]",525252,00:00:04:08,,,,,,,,,,,,
,88565772,10/14/2025 15:03,10/14/2025 15:24,XAUUSD,Sell,0.080,0.00000,4122.36000,4130.86000,4122.32000,0.0000,0.0000,854.0,68.32,2.41,"PythonX XAUUSD M1[tp 4122.36]",525252,00:00:21:56,,,,,,,,,,,,
,88551076,10/14/2025 12:49,10/14/2025 12:52,XAUUSD,Buy,0.050,4129.69000,0.00000,4135.50000,4129.66000,0.0000,0.0000,-584.0,-29.20,-1.02,"PythonX XAUUSD M1[sl 4129.69]",525252,00:00:03:10,,,,,,,,,,,,
,88550181,10/14/2025 12:41,10/14/2025 12:45,XAUUSD,Buy,0.030,4132.83000,0.00000,4138.63000,4132.81000,0.0000,0.0000,-582.0,-17.46,-0.61,"PythonX XAUUSD M1[sl 4132.83]",525252,00:00:04:49,,,,,,,,,,,,
,88542769,10/14/2025 11:16,10/14/2025 11:30,XAUUSD,Sell,0.020,4144.98000,0.00000,4139.38000,4144.99000,0.0000,0.0000,-561.0,-11.22,-0.39,"PythonX XAUUSD M1[sl 4144.98]",525252,00:00:14:02,,,,,,,,,,,,
,88542104,10/14/2025 11:10,10/14/2025 11:12,XAUUSD,Sell,0.010,4135.44000,0.00000,4129.64000,4135.49000,0.0000,0.0000,-585.0,-5.85,-0.20,"PythonX XAUUSD M1[sl 4135.44]",525252,00:00:02:06,,,,,,,,,,,,
,88541576,10/14/2025 11:04,10/14/2025 11:09,XAUUSD,Sell,0.010,4132.78000,0.00000,4126.98000,4132.82000,0.0000,0.0000,-584.0,-5.84,-0.20,"PythonX XAUUSD M1[sl 4132.78]",525252,00:00:05:02,,,,,,,,,,,,
,88526324,10/14/2025 08:59,10/14/2025 09:03,XAUUSD,Buy,0.010,0.00000,4126.80000,4118.24000,4126.83000,0.0000,0.0000,859.0,8.59,0.30,"PythonX XAUUSD M1[tp 4126.80]",525252,00:00:04:13,,,,,,,,,,,,
,88520511,10/14/2025 08:14,10/14/2025 08:36,XAUUSD,Sell,0.020,0.00000,4167.58000,4176.08000,4167.58000,0.0000,0.0000,850.0,17.00,0.59,"PythonX XAUUSD M1[tp 4167.58]",525252,00:00:22:37,,,,,,,,,,,,
,88518620,10/14/2025 07:53,10/14/2025 08:07,XAUUSD,Sell,0.010,4172.40000,0.00000,4166.71000,4172.53000,0.0000,0.0000,-582.0,-5.82,-0.20,"PythonX XAUUSD M1[sl 4172.40]",525252,00:00:14:25,,,,,,,,,,,,
,88504972,10/14/2025 05:05,10/14/2025 05:32,XAUUSD,Sell,0.010,4145.77000,0.00000,4140.10000,4145.87000,0.0000,0.0000,-577.0,-5.77,-0.20,"PythonX XAUUSD M1[sl 4145.77]",525252,00:00:27:43,,,,,,,,,,,,
,88498675,10/14/2025 04:01,10/14/2025 04:11,XAUUSD,Buy,0.010,0.00000,4136.60000,4127.98000,4136.86000,0.0000,0.0000,888.0,8.88,0.31,"PythonX XAUUSD M1[tp 4136.60]",525252,00:00:10:49,,,,,,,,,,,,
,88498196,10/14/2025 03:56,10/14/2025 03:56,XAUUSD,Sell,0.010,0.00000,0.00000,4128.67000,4128.58000,0.0000,0.0000,9.0,0.09,0.00,"Hand of God V2.2-Sell",888,00:00:00:15,,,,,,,,,,,,
,88498191,10/14/2025 03:55,10/14/2025 03:56,XAUUSD,Buy,0.010,0.00000,0.00000,4128.04000,4128.21000,0.0000,0.0000,17.0,0.17,0.01,"Hand of God V2.2-BUY ",888,00:00:00:58,,,,,,,,,,,,
,88498007,10/14/2025 03:53,10/14/2025 03:55,XAUUSD,Sell,0.030,0.00000,0.00000,4129.32000,4127.61000,0.0000,0.0000,171.0,5.13,0.18,"Hand of God V2.2-Sell",888,00:00:02:12,,,,,,,,,,,,
,88496494,10/14/2025 03:32,10/14/2025 03:55,XAUUSD,Sell,0.020,0.00000,0.00000,4128.58000,4127.61000,0.0000,0.0000,97.0,1.94,0.07,"Hand of God V2.2-Sell",888,00:00:23:27,,,,,,,,,,,,
,88496387,10/14/2025 03:31,10/14/2025 03:55,XAUUSD,Sell,0.020,0.00000,0.00000,4127.64000,4127.61000,0.0000,0.0000,3.0,0.06,0.00,"Hand of God V2.2-Sell",888,00:00:24:30,,,,,,,,,,,,
,88495993,10/14/2025 03:27,10/14/2025 03:55,XAUUSD,Sell,0.010,0.00000,0.00000,4124.39000,4128.27000,0.0000,0.0000,-388.0,-3.88,-0.13,"Hand of God V2.2-Sell#88495993 by #88498139",888,00:00:27:55,,,,,,,,,,,,
,88498139,10/14/2025 03:55,10/14/2025 03:55,XAUUSD,Buy,0.010,0.00000,0.00000,4128.27000,4124.39000,0.0000,0.0000,-388.0,0.00,0.00,"Hand of God V2.2-BUY #88495993 by #88498139",888,00:00:00:20,,,,,,,,,,,,
,88496093,10/14/2025 03:28,10/14/2025 03:55,XAUUSD,Sell,0.010,0.00000,0.00000,4125.85000,4129.23000,0.0000,0.0000,-338.0,-3.38,-0.12,"Hand of God V2.2-Sell#88496093 by #88498031",888,00:00:26:51,,,,,,,,,,,,
,88498031,10/14/2025 03:53,10/14/2025 03:55,XAUUSD,Buy,0.010,0.00000,0.00000,4129.23000,4125.85000,0.0000,0.0000,-338.0,0.00,0.00,"Hand of God V2.2-BUY #88496093 by #88498031",888,00:00:02:00,,,,,,,,,,,,
,88497705,10/14/2025 03:49,10/14/2025 03:53,XAUUSD,Buy,0.020,4128.75000,0.00000,4126.62000,4128.73000,0.0000,0.0000,211.0,4.22,0.15,"Hand of God V2.2-BUY [sl 4128.75]",888,00:00:04:20,,,,,,,,,,,,
,88497662,10/14/2025 03:48,10/14/2025 03:53,XAUUSD,Buy,0.010,4128.75000,0.00000,4127.77000,4128.73000,0.0000,0.0000,96.0,0.96,0.03,"Hand of God V2.2-BUY [sl 4128.75]",888,00:00:04:43,,,,,,,,,,,,
,88497038,10/14/2025 03:38,10/14/2025 03:53,XAUUSD,Buy,0.010,4128.75000,0.00000,4128.67000,4128.73000,0.0000,0.0000,6.0,0.06,0.00,"Hand of God V2.2-BUY [sl 4128.75]",888,00:00:14:52,,,,,,,,,,,,
,88497006,10/14/2025 03:38,10/14/2025 03:38,XAUUSD,Buy,0.010,4128.13000,0.00000,4128.02000,4127.89000,0.0000,0.0000,-13.0,-0.13,0.00,"Hand of God V2.2-BUY [sl 4128.13]",888,00:00:00:07,,,,,,,,,,,,
,88496675,10/14/2025 03:34,10/14/2025 03:38,XAUUSD,Buy,0.010,4128.29000,0.00000,4125.76000,4128.29000,0.0000,0.0000,253.0,2.53,0.09,"Hand of God V2.2-BUY [sl 4128.29]",888,00:00:03:41,,,,,,,,,,,,
,88496600,10/14/2025 03:33,10/14/2025 03:38,XAUUSD,Buy,0.010,4128.29000,0.00000,4127.56000,4128.29000,0.0000,0.0000,73.0,0.73,0.03,"Hand of God V2.2-BUY [sl 4128.29]",888,00:00:04:45,,,,,,,,,,,,
,88495992,10/14/2025 03:27,10/14/2025 03:33,XAUUSD,Buy,0.010,4127.39000,0.00000,4125.19000,4127.38000,0.0000,0.0000,219.0,2.19,0.08,"Hand of God V2.2-BUY [sl 4127.39]",888,00:00:05:39,,,,,,,,,,,,
,88493949,10/14/2025 03:02,10/14/2025 03:27,XAUUSD,Buy,0.020,0.00000,0.00000,4123.71000,4124.43000,0.0000,0.0000,72.0,1.44,0.05,"Hand of God V2.2-BUY Hand of God V2.2-BUY ",888,00:00:24:30,,,,,,,,,,,,
,88493874,10/14/2025 03:02,10/14/2025 03:27,XAUUSD,Buy,0.020,0.00000,0.00000,4126.15000,4124.46000,0.0000,0.0000,-169.0,-3.38,-0.12,"Hand of God V2.2-BUY Hand of God V2.2-BUY ",888,00:00:25:06,,,,,,,,,,,,
,88493610,10/14/2025 02:59,10/14/2025 03:27,XAUUSD,Buy,0.010,0.00000,0.00000,4127.29000,4124.44000,0.0000,0.0000,-285.0,-2.85,-0.10,"Hand of God V2.2-BUY Hand of God V2.2-BUY ",888,00:00:28:00,,,,,,,,,,,,
,88493526,10/14/2025 02:58,10/14/2025 03:27,XAUUSD,Buy,0.010,0.00000,0.00000,4128.33000,4124.44000,0.0000,0.0000,-389.0,-3.89,-0.13,"Hand of God V2.2-BUY Hand of God V2.2-BUY ",888,00:00:29:18,,,,,,,,,,,,
,88495717,10/14/2025 03:23,10/14/2025 03:27,XAUUSD,Sell,0.010,0.00000,0.00000,4122.55000,4124.59000,0.0000,0.0000,-204.0,-2.04,-0.07,"Hand of God V2.2-SellHand of God V2.2-Sell",888,00:00:03:40,,,,,,,,,,,,
,88495609,10/14/2025 03:22,10/14/2025 03:27,XAUUSD,Sell,0.010,0.00000,0.00000,4121.35000,4124.67000,0.0000,0.0000,-332.0,-3.32,-0.11,"Hand of God V2.2-SellHand of God V2.2-Sell",888,00:00:05:18,,,,,,,,,,,,
,88494365,10/14/2025 03:06,10/14/2025 03:27,XAUUSD,Buy,0.040,0.00000,0.00000,4121.13000,4124.41000,0.0000,0.0000,328.0,13.12,0.46,"Hand of God V2.2-BUY Hand of God V2.2-BUY ",888,00:00:21:16,,,,,,,,,,,,
,88494200,10/14/2025 03:04,10/14/2025 03:27,XAUUSD,Buy,0.030,0.00000,0.00000,4122.06000,4124.47000,0.0000,0.0000,241.0,7.23,0.25,"Hand of God V2.2-BUY Hand of God V2.2-BUY ",888,00:00:22:41,,,,,,,,,,,,
,88495346,10/14/2025 03:18,10/14/2025 03:21,XAUUSD,Sell,0.010,4122.04000,0.00000,4123.00000,4122.22000,0.0000,0.0000,78.0,0.78,0.03,"Hand of God V2.2-Sell[sl 4122.04]",888,00:00:03:14,,,,,,,,,,,,
,88495308,10/14/2025 03:18,10/14/2025 03:21,XAUUSD,Sell,0.010,4122.04000,0.00000,4121.76000,4122.22000,0.0000,0.0000,-46.0,-0.46,-0.02,"Hand of God V2.2-Sell[sl 4122.04]",888,00:00:03:52,,,,,,,,,,,,
,88494914,10/14/2025 03:13,10/14/2025 03:18,XAUUSD,Sell,0.010,4122.20000,0.00000,4124.54000,4122.26000,0.0000,0.0000,228.0,2.28,0.08,"Hand of God V2.2-Sell[sl 4122.20]",888,00:00:04:50,,,,,,,,,,,,
,88494872,10/14/2025 03:12,10/14/2025 03:18,XAUUSD,Sell,0.010,4122.20000,0.00000,4123.25000,4122.26000,0.0000,0.0000,99.0,0.99,0.03,"Hand of God V2.2-Sell[sl 4122.20]",888,00:00:05:27,,,,,,,,,,,,
,88494836,10/14/2025 03:12,10/14/2025 03:12,XAUUSD,Sell,0.010,4123.53000,0.00000,4123.65000,4123.54000,0.0000,0.0000,11.0,0.11,0.00,"Hand of God V2.2-Sell[sl 4123.53]",888,00:00:00:02,,,,,,,,,,,,
,88494540,10/14/2025 03:08,10/14/2025 03:12,XAUUSD,Sell,0.010,4122.36000,0.00000,4122.72000,4122.76000,0.0000,0.0000,-4.0,-0.04,0.00,"Hand of God V2.2-Sell[sl 4122.36]",888,00:00:03:59,,,,,,,,,,,,
,88494491,10/14/2025 03:07,10/14/2025 03:07,XAUUSD,Sell,0.010,4122.26000,0.00000,4122.74000,4122.29000,0.0000,0.0000,45.0,0.45,0.02,"Hand of God V2.2-Sell[sl 4122.26]",888,00:00:00:20,,,,,,,,,,,,
,88493717,10/14/2025 03:00,10/14/2025 03:07,XAUUSD,Sell,0.020,4122.26000,0.00000,4128.54000,4122.27000,0.0000,0.0000,627.0,12.54,0.44,"Hand of God V2.2-Sell[sl 4122.26]",888,00:00:07:00,,,,,,,,,,,,
,88493432,10/14/2025 02:56,10/14/2025 03:07,XAUUSD,Sell,0.010,4122.26000,0.00000,4127.66000,4122.27000,0.0000,0.0000,539.0,5.39,0.19,"Hand of God V2.2-Sell[sl 4122.26]",888,00:00:10:41,,,,,,,,,,,,
,88493274,10/14/2025 02:54,10/14/2025 03:07,XAUUSD,Sell,0.010,4122.26000,0.00000,4125.95000,4122.27000,0.0000,0.0000,368.0,3.68,0.13,"Hand of God V2.2-Sell[sl 4122.26]",888,00:00:12:57,,,,,,,,,,,,
,88493272,10/14/2025 02:54,10/14/2025 02:58,XAUUSD,Buy,0.010,4127.28000,0.00000,4126.77000,4127.26000,0.0000,0.0000,49.0,0.49,0.02,"Hand of God V2.2-BUY [sl 4127.28]",888,00:00:03:37,,,,,,,,,,,,
,88488553,10/14/2025 01:49,10/14/2025 02:54,XAUUSD,Sell,0.020,0.00000,0.00000,4111.43000,4126.61000,0.0000,0.0000,-1518.0,-30.36,-1.06,"Hand of God V2.2-SellHand of God V2.2-Sell",888,00:01:04:16,,,,,,,,,,,,
,88488425,10/14/2025 01:46,10/14/2025 02:54,XAUUSD,Sell,0.010,0.00000,0.00000,4108.98000,4126.53000,0.0000,0.0000,-1755.0,-17.55,-0.61,"Hand of God V2.2-SellHand of God V2.2-Sell",888,00:01:07:22,,,,,,,,,,,,
,88488186,10/14/2025 01:39,10/14/2025 02:54,XAUUSD,Sell,0.010,0.00000,0.00000,4107.04000,4126.55000,0.0000,0.0000,-1951.0,-19.51,-0.67,"Hand of God V2.2-SellHand of God V2.2-Sell",888,00:01:14:45,,,,,,,,,,,,
,88491173,10/14/2025 02:34,10/14/2025 02:54,XAUUSD,Sell,0.060,0.00000,0.00000,4120.79000,4126.80000,0.0000,0.0000,-601.0,-36.06,-1.22,"Hand of God V2.2-SellHand of God V2.2-Sell",888,00:00:20:06,,,,,,,,,,,,
,88490008,10/14/2025 02:12,10/14/2025 02:54,XAUUSD,Sell,0.050,0.00000,0.00000,4115.49000,4126.67000,0.0000,0.0000,-1118.0,-55.90,-1.86,"Hand of God V2.2-SellHand of God V2.2-Sell",888,00:00:41:43,,,,,,,,,,,,
,88489319,10/14/2025 02:00,10/14/2025 02:54,XAUUSD,Sell,0.040,0.00000,0.00000,4114.89000,4126.65000,0.0000,0.0000,-1176.0,-47.04,-1.54,"Hand of God V2.2-SellHand of God V2.2-Sell",888,00:00:53:45,,,,,,,,,,,,
,88489010,10/14/2025 01:56,10/14/2025 02:54,XAUUSD,Sell,0.030,0.00000,0.00000,4114.21000,4126.62000,0.0000,0.0000,-1241.0,-37.23,-1.21,"Hand of God V2.2-SellHand of God V2.2-Sell",888,00:00:57:38,,,,,,,,,,,,
,88488775,10/14/2025 01:52,10/14/2025 02:54,XAUUSD,Sell,0.020,0.00000,0.00000,4113.28000,4126.60000,0.0000,0.0000,-1332.0,-26.64,-0.86,"Hand of God V2.2-SellHand of God V2.2-Sell",888,00:01:01:54,,,,,,,,,,,,
,88491749,10/14/2025 02:36,10/14/2025 02:54,XAUUSD,Sell,0.230,0.00000,0.00000,4128.65000,4126.77000,0.0000,0.0000,188.0,43.24,1.41,"Hand of God V2.2-SellHand of God V2.2-Sell",888,00:00:17:56,,,,,,,,,,,,
,88491661,10/14/2025 02:35,10/14/2025 02:54,XAUUSD,Sell,0.180,0.00000,0.00000,4127.31000,4126.77000,0.0000,0.0000,54.0,9.72,0.32,"Hand of God V2.2-SellHand of God V2.2-Sell",888,00:00:18:35,,,,,,,,,,,,
,88491562,10/14/2025 02:35,10/14/2025 02:54,XAUUSD,Sell,0.140,0.00000,0.00000,4126.71000,4126.78000,0.0000,0.0000,-7.0,-0.98,-0.03,"Hand of God V2.2-SellHand of God V2.2-Sell",888,00:00:19:08,,,,,,,,,,,,
,88491530,10/14/2025 02:34,10/14/2025 02:54,XAUUSD,Sell,0.110,0.00000,0.00000,4125.84000,4126.78000,0.0000,0.0000,-94.0,-10.34,-0.34,"Hand of God V2.2-SellHand of God V2.2-Sell",888,00:00:19:12,,,,,,,,,,,,
,88491383,10/14/2025 02:34,10/14/2025 02:54,XAUUSD,Sell,0.080,0.00000,0.00000,4125.10000,4126.80000,0.0000,0.0000,-170.0,-13.60,-0.44,"Hand of God V2.2-SellHand of God V2.2-Sell",888,00:00:19:22,,,,,,,,,,,,
,88492178,10/14/2025 02:40,10/14/2025 02:54,XAUUSD,Sell,0.510,0.00000,0.00000,4131.17000,4126.84000,0.0000,0.0000,433.0,220.83,7.70,"Hand of God V2.2-SellHand of God V2.2-Sell",888,00:00:13:25,,,,,,,,,,,,
,88491822,10/14/2025 02:36,10/14/2025 02:54,XAUUSD,Sell,0.390,0.00000,0.00000,4130.36000,4126.97000,0.0000,0.0000,339.0,132.21,4.83,"Hand of God V2.2-SellHand of God V2.2-Sell",888,00:00:17:28,,,,,,,,,,,,
,88491793,10/14/2025 02:36,10/14/2025 02:54,XAUUSD,Sell,0.300,0.00000,0.00000,4129.28000,4126.89000,0.0000,0.0000,239.0,71.70,2.69,"Hand of God V2.2-SellHand of God V2.2-Sell",888,00:00:17:33,,,,,,,,,,,,
,88492869,10/14/2025 02:49,10/14/2025 02:54,XAUUSD,Buy,0.010,0.00000,0.00000,4131.19000,4126.47000,0.0000,0.0000,-472.0,-4.72,-0.15,"Hand of God V2.2-BUY Hand of God V2.2-BUY ",888,00:00:04:57,,,,,,,,,,,,
,88493098,10/14/2025 02:52,10/14/2025 02:54,XAUUSD,Buy,0.010,0.00000,0.00000,4128.61000,4126.50000,0.0000,0.0000,-211.0,-2.11,-0.08,"Hand of God V2.2-BUY Hand of God V2.2-BUY ",888,00:00:01:25,,,,,,,,,,,,
,88492430,10/14/2025 02:44,10/14/2025 02:49,XAUUSD,Buy,0.010,4130.28000,0.00000,4128.33000,4130.22000,0.0000,0.0000,189.0,1.89,0.07,"Hand of God V2.2-BUY [sl 4130.28]",888,00:00:04:11,,,,,,,,,,,,
,88492268,10/14/2025 02:42,10/14/2025 02:44,XAUUSD,Buy,0.010,4130.23000,0.00000,4129.75000,4130.13000,0.0000,0.0000,38.0,0.38,0.01,"Hand of God V2.2-BUY [sl 4130.23]",888,00:00:01:53,,,,,,,,,,,,
,88492010,10/14/2025 02:38,10/14/2025 02:42,XAUUSD,Buy,0.010,4129.97000,0.00000,4129.19000,4129.93000,0.0000,0.0000,74.0,0.74,0.03,"Hand of God V2.2-BUY [sl 4129.97]",888,00:00:03:26,,,,,,,,,,,,
,88491965,10/14/2025 02:38,10/14/2025 02:39,XAUUSD,Buy,0.010,4129.83000,0.00000,4129.90000,4129.83000,0.0000,0.0000,-7.0,-0.07,0.00,"Hand of God V2.2-BUY [sl 4129.83]",888,00:00:00:36,,,,,,,,,,,,
,88490930,10/14/2025 02:30,10/14/2025 02:38,XAUUSD,Buy,0.010,4129.83000,0.00000,4115.78000,4129.82000,0.0000,0.0000,1404.0,14.04,0.53,"Hand of God V2.2-BUY [sl 4129.83]",888,00:00:08:10,,,,,,,,,,,,
,88490532,10/14/2025 02:25,10/14/2025 02:29,XAUUSD,Buy,0.010,4115.68000,0.00000,4114.25000,4115.66000,0.0000,0.0000,141.0,1.41,0.05,"Hand of God V2.2-BUY [sl 4115.68]",888,00:00:04:46,,,,,,,,,,,,
,88489765,10/14/2025 02:08,10/14/2025 02:29,XAUUSD,Buy,0.010,4115.68000,0.00000,4115.58000,4115.66000,0.0000,0.0000,8.0,0.08,0.00,"Hand of God V2.2-BUY [sl 4115.68]",888,00:00:21:35,,,,,,,,,,,,
,88489080,10/14/2025 01:57,10/14/2025 02:08,XAUUSD,Buy,0.010,4115.03000,0.00000,4114.65000,4114.89000,0.0000,0.0000,24.0,0.24,0.01,"Hand of God V2.2-BUY [sl 4115.03]",888,00:00:10:54,,,,,,,,,,,,
,88487743,10/14/2025 01:31,10/14/2025 01:56,XAUUSD,Buy,0.020,4114.09000,0.00000,4107.95000,4114.06000,0.0000,0.0000,611.0,12.22,0.46,"Hand of God V2.2-BUY [sl 4114.09]",888,00:00:25:32,,,,,,,,,,,,
,88487507,10/14/2025 01:28,10/14/2025 01:56,XAUUSD,Buy,0.010,4114.09000,0.00000,4109.88000,4114.06000,0.0000,0.0000,418.0,4.18,0.16,"Hand of God V2.2-BUY [sl 4114.09]",888,00:00:27:34,,,,,,,,,,,,
,88487331,10/14/2025 01:23,10/14/2025 01:56,XAUUSD,Buy,0.010,4114.09000,0.00000,4112.31000,4114.06000,0.0000,0.0000,175.0,1.75,0.07,"Hand of God V2.2-BUY [sl 4114.09]",888,00:00:32:41,,,,,,,,,,,,
,88487832,10/14/2025 01:32,10/14/2025 01:39,XAUUSD,Sell,0.010,4108.03000,0.00000,4109.31000,4108.03000,0.0000,0.0000,128.0,1.28,0.05,"Hand of God V2.2-Sell[sl 4108.03]",888,00:00:06:37,,,,,,,,,,,,
,88487596,10/14/2025 01:29,10/14/2025 01:32,XAUUSD,Sell,0.010,4108.24000,0.00000,4109.37000,4108.36000,0.0000,0.0000,101.0,1.01,0.04,"Hand of God V2.2-Sell[sl 4108.24]",888,00:00:03:00,,,,,,,,,,,,
,88478947,10/13/2025 22:28,10/14/2025 01:28,XAUUSD,Sell,0.020,0.00000,0.00000,4105.50000,4109.25000,0.0000,0.3600,-375.0,-7.14,-0.27,"Hand of God V2.2-SellHand of God V2.2-Sell",888,00:02:59:44,,,,,,,,,,,,
,88478579,10/13/2025 22:22,10/14/2025 01:28,XAUUSD,Sell,0.020,0.00000,0.00000,4103.11000,4109.31000,0.0000,0.3600,-620.0,-12.04,-0.45,"Hand of God V2.2-SellHand of God V2.2-Sell",888,00:03:06:19,,,,,,,,,,,,
,88478016,10/13/2025 22:17,10/14/2025 01:28,XAUUSD,Sell,0.010,0.00000,0.00000,4101.19000,4109.31000,0.0000,0.1800,-812.0,-7.94,-0.30,"Hand of God V2.2-SellHand of God V2.2-Sell",888,00:03:10:32,,,,,,,,,,,,
,88477900,10/13/2025 22:14,10/14/2025 01:28,XAUUSD,Sell,0.010,0.00000,0.00000,4097.29000,4109.35000,0.0000,0.1800,-1206.0,-11.88,-0.45,"Hand of God V2.2-SellHand of God V2.2-Sell",888,00:03:13:56,,,,,,,,,,,,
,88487261,10/14/2025 01:22,10/14/2025 01:28,XAUUSD,Sell,0.080,0.00000,0.00000,4113.25000,4109.14000,0.0000,0.0000,411.0,32.88,1.25,"Hand of God V2.2-SellHand of God V2.2-Sell",888,00:00:05:53,,,,,,,,,,,,
,88486441,10/14/2025 01:01,10/14/2025 01:28,XAUUSD,Sell,0.060,0.00000,0.00000,4112.28000,4109.13000,0.0000,0.0000,315.0,18.90,0.72,"Hand of God V2.2-SellHand of God V2.2-Sell",888,00:00:26:44,,,,,,,,,,,,
,88485630,10/13/2025 23:48,10/14/2025 01:28,XAUUSD,Sell,0.050,0.00000,0.00000,4111.37000,4109.13000,0.0000,0.9000,224.0,12.10,0.46,"Hand of God V2.2-SellHand of God V2.2-Sell",888,00:01:39:52,,,,,,,,,,,,
,88484244,10/13/2025 23:30,10/14/2025 01:28,XAUUSD,Sell,0.040,0.00000,0.00000,4110.22000,4109.13000,0.0000,0.7200,109.0,5.08,0.20,"Hand of God V2.2-SellHand of God V2.2-Sell",888,00:01:58:11,,,,,,,,,,,,
,88481255,10/13/2025 22:55,10/14/2025 01:28,XAUUSD,Sell,0.030,0.00000,0.00000,4109.33000,4109.13000,0.0000,0.5400,20.0,1.14,0.04,"Hand of God V2.2-SellHand of God V2.2-Sell",888,00:02:33:06,,,,,,,,,,,,
,88487170,10/14/2025 01:19,10/14/2025 01:22,XAUUSD,Buy,0.010,4113.52000,0.00000,4112.16000,4113.49000,0.0000,0.0000,133.0,1.33,0.05,"Hand of God V2.2-BUY [sl 4113.52]",888,00:00:02:29,,,,,,,,,,,,
,88486876,10/14/2025 01:12,10/14/2025 01:22,XAUUSD,Buy,0.010,4113.52000,0.00000,4113.02000,4113.49000,0.0000,0.0000,47.0,0.47,0.02,"Hand of God V2.2-BUY [sl 4113.52]",888,00:00:09:53,,,,,,,,,,,,
,88486757,10/14/2025 01:08,10/14/2025 01:11,XAUUSD,Buy,0.010,4112.54000,0.00000,4111.76000,4112.44000,0.0000,0.0000,68.0,0.68,0.03,"Hand of God V2.2-BUY [sl 4112.54]",888,00:00:02:23,,,,,,,,,,,,
,88486568,10/14/2025 01:03,10/14/2025 01:11,XAUUSD,Buy,0.010,4112.54000,0.00000,4113.03000,4112.44000,0.0000,0.0000,-59.0,-0.59,-0.02,"Hand of God V2.2-BUY [sl 4112.54]",888,00:00:07:28,,,,,,,,,,,,
,88486365,10/14/2025 01:00,10/14/2025 01:03,XAUUSD,Buy,0.010,4112.30000,0.00000,4110.39000,4112.27000,0.0000,0.0000,188.0,1.88,0.07,"Hand of God V2.2-BUY [sl 4112.30]",888,00:00:02:30,,,,,,,,,,,,
,88485686,10/13/2025 23:49,10/14/2025 01:03,XAUUSD,Buy,0.010,4112.30000,0.00000,4111.50000,4112.27000,0.0000,-0.3900,77.0,0.38,0.01,"Hand of God V2.2-BUY [sl 4112.30]",888,00:01:13:43,,,,,,,,,,,,
,88485001,10/13/2025 23:40,10/13/2025 23:49,XAUUSD,Buy,0.010,4110.99000,0.00000,4108.48000,4110.88000,0.0000,0.0000,240.0,2.40,0.09,"Hand of God V2.2-BUY [sl 4110.99]",888,00:00:08:56,,,,,,,,,,,,
,88484331,10/13/2025 23:31,10/13/2025 23:49,XAUUSD,Buy,0.010,4110.99000,0.00000,4110.06000,4110.88000,0.0000,0.0000,82.0,0.82,0.03,"Hand of God V2.2-BUY [sl 4110.99]",888,00:00:17:58,,,,,,,,,,,,
,88484057,10/13/2025 23:25,10/13/2025 23:28,XAUUSD,Buy,0.010,4110.71000,0.00000,4110.26000,4110.70000,0.0000,0.0000,44.0,0.44,0.02,"Hand of God V2.2-BUY [sl 4110.71]",888,00:00:03:07,,,,,,,,,,,,
,88483441,10/13/2025 23:18,10/13/2025 23:24,XAUUSD,Buy,0.010,4109.48000,0.00000,4108.71000,4109.48000,0.0000,0.0000,77.0,0.77,0.03,"Hand of God V2.2-BUY [sl 4109.48]",888,00:00:05:51,,,,,,,,,,,,
,88482723,10/13/2025 23:10,10/13/2025 23:16,XAUUSD,Buy,0.010,4108.54000,0.00000,4107.72000,4108.53000,0.0000,0.0000,81.0,0.81,0.03,"Hand of God V2.2-BUY [sl 4108.54]",888,00:00:06:18,,,,,,,,,,,,
,88482452,10/13/2025 23:05,10/13/2025 23:08,XAUUSD,Buy,0.010,4108.37000,0.00000,4107.27000,4108.37000,0.0000,0.0000,110.0,1.10,0.04,"Hand of God V2.2-BUY [sl 4108.37]",888,00:00:03:26,,,,,,,,,,,,
,88482302,10/13/2025 23:02,10/13/2025 23:08,XAUUSD,Buy,0.010,4108.37000,0.00000,4109.05000,4108.37000,0.0000,0.0000,-68.0,-0.68,-0.03,"Hand of God V2.2-BUY [sl 4108.37]",888,00:00:06:24,,,,,,,,,,,,
,88481795,10/13/2025 22:57,10/13/2025 23:02,XAUUSD,Buy,0.010,4108.93000,0.00000,4108.47000,4108.93000,0.0000,0.0000,46.0,0.46,0.02,"Hand of God V2.2-BUY [sl 4108.93]",888,00:00:04:17,,,,,,,,,,,,
,88480898,10/13/2025 22:50,10/13/2025 22:57,XAUUSD,Buy,0.010,4109.12000,0.00000,4105.24000,4109.07000,0.0000,0.0000,383.0,3.83,0.15,"Hand of God V2.2-BUY [sl 4109.12]",888,00:00:06:31,,,,,,,,,,,,
,88480026,10/13/2025 22:39,10/13/2025 22:50,XAUUSD,Buy,0.020,4105.22000,0.00000,4103.45000,4104.93000,0.0000,0.0000,148.0,2.96,0.11,"Hand of God V2.2-BUY [sl 4105.22]",888,00:00:10:49,,,,,,,,,,,,
,88479951,10/13/2025 22:38,10/13/2025 22:50,XAUUSD,Buy,0.010,4105.22000,0.00000,4104.60000,4105.21000,0.0000,0.0000,61.0,0.61,0.02,"Hand of God V2.2-BUY [sl 4105.22]",888,00:00:11:54,,,,,,,,,,,,
,88479670,10/13/2025 22:33,10/13/2025 22:50,XAUUSD,Buy,0.010,4105.22000,0.00000,4106.21000,4105.21000,0.0000,0.0000,-100.0,-1.00,-0.04,"Hand of God V2.2-BUY [sl 4105.22]",888,00:00:16:30,,,,,,,,,,,,
,88479187,10/13/2025 22:29,10/13/2025 22:33,XAUUSD,Buy,0.010,4105.57000,0.00000,4105.24000,4105.56000,0.0000,0.0000,32.0,0.32,0.01,"Hand of God V2.2-BUY [sl 4105.57]",888,00:00:03:45,,,,,,,,,,,,
,88478719,10/13/2025 22:23,10/13/2025 22:28,XAUUSD,Buy,0.010,4105.10000,0.00000,4103.72000,4105.09000,0.0000,0.0000,137.0,1.37,0.05,"Hand of God V2.2-BUY [sl 4105.10]",888,00:00:05:36,,,,,,,,,,,,
,88478317,10/13/2025 22:20,10/13/2025 22:23,XAUUSD,Buy,0.010,4102.79000,0.00000,4101.85000,4102.79000,0.0000,0.0000,94.0,0.94,0.04,"Hand of God V2.2-BUY [sl 4102.79]",888,00:00:02:59,,,,,,,,,,,,
,88477454,10/13/2025 22:11,10/13/2025 22:19,XAUUSD,Buy,0.010,4101.09000,0.00000,4098.50000,4101.08000,0.0000,0.0000,258.0,2.58,0.10,"Hand of God V2.2-BUY [sl 4101.09]",888,00:00:07:52,,,,,,,,,,,,
,88477455,10/13/2025 22:11,10/13/2025 22:14,XAUUSD,Sell,0.010,4098.11000,0.00000,4098.59000,4098.14000,0.0000,0.0000,45.0,0.45,0.02,"Hand of God V2.2-Sell[sl 4098.11]",888,00:00:02:19,,,,,,,,,,,,
,88474136,10/13/2025 21:41,10/13/2025 22:11,XAUUSD,Buy,0.010,0.00000,0.00000,4103.87000,4097.70000,0.0000,0.0000,-617.0,-6.17,-0.24,"Hand of God V2.2-BUY Hand of God V2.2-BUY ",888,00:00:30:03,,,,,,,,,,,,
,88473708,10/13/2025 21:34,10/13/2025 22:11,XAUUSD,Buy,0.010,0.00000,0.00000,4105.72000,4097.74000,0.0000,0.0000,-798.0,-7.98,-0.31,"Hand of God V2.2-BUY Hand of God V2.2-BUY ",888,00:00:36:27,,,,,,,,,,,,
,88476681,10/13/2025 22:05,10/13/2025 22:11,XAUUSD,Buy,0.040,0.00000,0.00000,4098.47000,4097.71000,0.0000,0.0000,-76.0,-3.04,-0.12,"Hand of God V2.2-BUY Hand of God V2.2-BUY ",888,00:00:05:07,,,,,,,,,,,,
,88476558,10/13/2025 22:04,10/13/2025 22:11,XAUUSD,Buy,0.030,0.00000,0.00000,4100.15000,4097.67000,0.0000,0.0000,-248.0,-7.44,-0.29,"Hand of God V2.2-BUY Hand of God V2.2-BUY ",888,00:00:06:44,,,,,,,,,,,,
,88475572,10/13/2025 21:56,10/13/2025 22:11,XAUUSD,Buy,0.020,0.00000,0.00000,4101.20000,4097.75000,0.0000,0.0000,-345.0,-6.90,-0.26,"Hand of God V2.2-BUY Hand of God V2.2-BUY ",888,00:00:14:40,,,,,,,,,,,,
,88474532,10/13/2025 21:43,10/13/2025 22:11,XAUUSD,Buy,0.020,0.00000,0.00000,4102.64000,4097.69000,0.0000,0.0000,-495.0,-9.90,-0.38,"Hand of God V2.2-BUY Hand of God V2.2-BUY ",888,00:00:27:10,,,,,,,,,,,,
,88477303,10/13/2025 22:10,10/13/2025 22:11,XAUUSD,Sell,0.010,0.00000,0.00000,4096.16000,4098.55000,0.0000,0.0000,-239.0,-2.39,-0.09,"Hand of God V2.2-SellHand of God V2.2-Sell",888,00:00:00:39,,,,,,,,,,,,
,88477213,10/13/2025 22:09,10/13/2025 22:11,XAUUSD,Sell,0.010,0.00000,0.00000,4093.67000,4098.49000,0.0000,0.0000,-482.0,-4.82,-0.18,"Hand of God V2.2-SellHand of God V2.2-Sell",888,00:00:01:24,,,,,,,,,,,,
,88476909,10/13/2025 22:07,10/13/2025 22:11,XAUUSD,Buy,0.060,0.00000,0.00000,4092.84000,4098.11000,0.0000,0.0000,527.0,31.62,1.22,"Hand of God V2.2-BUY Hand of God V2.2-BUY ",888,00:00:03:23,,,,,,,,,,,,
,88476784,10/13/2025 22:07,10/13/2025 22:11,XAUUSD,Buy,0.050,0.00000,0.00000,4095.37000,4098.06000,0.0000,0.0000,269.0,13.45,0.52,"Hand of God V2.2-BUY Hand of God V2.2-BUY ",888,00:00:04:02,,,,,,,,,,,,
,88476355,10/13/2025 22:02,10/13/2025 22:09,XAUUSD,Sell,0.010,4093.69000,0.00000,4101.86000,4093.71000,0.0000,0.0000,815.0,8.15,0.32,"Hand of God V2.2-Sell[sl 4093.69]",888,00:00:07:20,,,,,,,,,,,,
,88475772,10/13/2025 21:57,10/13/2025 22:09,XAUUSD,Sell,0.010,4093.69000,0.00000,4100.91000,4093.71000,0.0000,0.0000,720.0,7.20,0.28,"Hand of God V2.2-Sell[sl 4093.69]",888,00:00:11:27,,,,,,,,,,,,
,88475119,10/13/2025 21:51,10/13/2025 21:57,XAUUSD,Sell,0.010,4101.09000,0.00000,4104.04000,4101.11000,0.0000,0.0000,293.0,2.93,0.11,"Hand of God V2.2-Sell[sl 4101.09]",888,00:00:05:09,,,,,,,,,,,,
,88474831,10/13/2025 21:47,10/13/2025 21:57,XAUUSD,Sell,0.010,4101.09000,0.00000,4102.11000,4101.11000,0.0000,0.0000,100.0,1.00,0.04,"Hand of God V2.2-Sell[sl 4101.09]",888,00:00:09:32,,,,,,,,,,,,
,88474347,10/13/2025 21:41,10/13/2025 21:47,XAUUSD,Sell,0.010,4102.43000,0.00000,4103.53000,4102.55000,0.0000,0.0000,98.0,0.98,0.04,"Hand of God V2.2-Sell[sl 4102.43]",888,00:00:05:55,,,,,,,,,,,,
,88472766,10/13/2025 21:27,10/13/2025 21:41,XAUUSD,Sell,0.020,4104.16000,0.00000,4106.47000,4104.19000,0.0000,0.0000,228.0,4.56,0.18,"Hand of God V2.2-Sell[sl 4104.16]",888,00:00:13:38,,,,,,,,,,,,
,88471782,10/13/2025 21:18,10/13/2025 21:41,XAUUSD,Sell,0.010,4104.16000,0.00000,4104.58000,4104.19000,0.0000,0.0000,39.0,0.39,0.02,"Hand of God V2.2-Sell[sl 4104.16]",888,00:00:23:10,,,,,,,,,,,,
,88471318,10/13/2025 21:11,10/13/2025 21:41,XAUUSD,Sell,0.010,4104.16000,0.00000,4101.30000,4104.19000,0.0000,0.0000,-289.0,-2.89,-0.11,"Hand of God V2.2-Sell[sl 4104.16]",888,00:00:29:14,,,,,,,,,,,,
,88472962,10/13/2025 21:28,10/13/2025 21:34,XAUUSD,Buy,0.010,4105.77000,0.00000,4104.57000,4105.71000,0.0000,0.0000,114.0,1.14,0.04,"Hand of God V2.2-BUY [sl 4105.77]",888,00:00:05:19,,,,,,,,,,,,
,88472375,10/13/2025 21:22,10/13/2025 21:28,XAUUSD,Buy,0.010,4105.59000,0.00000,4104.43000,4105.58000,0.0000,0.0000,115.0,1.15,0.05,"Hand of God V2.2-BUY [sl 4105.59]",888,00:00:05:41,,,,,,,,,,,,
,88471871,10/13/2025 21:16,10/13/2025 21:28,XAUUSD,Buy,0.010,4105.59000,0.00000,4105.20000,4105.58000,0.0000,0.0000,38.0,0.38,0.01,"Hand of God V2.2-BUY [sl 4105.59]",888,00:00:11:10,,,,,,,,,,,,
,88468758,10/13/2025 20:47,10/13/2025 21:16,XAUUSD,Buy,0.020,0.00000,0.00000,4107.31000,4104.29000,0.0000,0.0000,-302.0,-6.04,-0.24,"Hand of God V2.2-BUY Hand of God V2.2-BUY ",888,00:00:29:36,,,,,,,,,,,,
,88468423,10/13/2025 20:45,10/13/2025 21:16,XAUUSD,Buy,0.020,0.00000,0.00000,4108.10000,4104.31000,0.0000,0.0000,-379.0,-7.58,-0.30,"Hand of God V2.2-BUY Hand of God V2.2-BUY ",888,00:00:31:32,,,,,,,,,,,,
,88468296,10/13/2025 20:42,10/13/2025 21:16,XAUUSD,Buy,0.010,0.00000,0.00000,4109.64000,4104.32000,0.0000,0.0000,-532.0,-5.32,-0.21,"Hand of God V2.2-BUY Hand of God V2.2-BUY ",888,00:00:34:17,,,,,,,,,,,,
,88468068,10/13/2025 20:40,10/13/2025 21:16,XAUUSD,Buy,0.010,0.00000,0.00000,4110.49000,4104.34000,0.0000,0.0000,-615.0,-6.15,-0.24,"Hand of God V2.2-BUY Hand of God V2.2-BUY ",888,00:00:36:42,,,,,,,,,,,,
,88471239,10/13/2025 21:10,10/13/2025 21:16,XAUUSD,Buy,0.080,0.00000,0.00000,4100.49000,4104.19000,0.0000,0.0000,370.0,29.60,1.16,"Hand of God V2.2-BUY Hand of God V2.2-BUY ",888,00:00:06:25,,,,,,,,,,,,
,88469642,10/13/2025 20:53,10/13/2025 21:16,XAUUSD,Buy,0.060,0.00000,0.00000,4101.48000,4104.21000,0.0000,0.0000,273.0,16.38,0.65,"Hand of God V2.2-BUY Hand of God V2.2-BUY ",888,00:00:23:43,,,,,,,,,,,,
,88469566,10/13/2025 20:52,10/13/2025 21:16,XAUUSD,Buy,0.050,0.00000,0.00000,4102.12000,4104.21000,0.0000,0.0000,209.0,10.45,0.41,"Hand of God V2.2-BUY Hand of God V2.2-BUY ",888,00:00:24:06,,,,,,,,,,,,
,88469255,10/13/2025 20:51,10/13/2025 21:16,XAUUSD,Buy,0.040,0.00000,0.00000,4103.02000,4104.29000,0.0000,0.0000,127.0,5.08,0.20,"Hand of God V2.2-BUY Hand of God V2.2-BUY ",888,00:00:25:42,,,,,,,,,,,,
,88469008,10/13/2025 20:49,10/13/2025 21:16,XAUUSD,Buy,0.030,0.00000,0.00000,4106.13000,4104.30000,0.0000,0.0000,-183.0,-5.49,-0.22,"Hand of God V2.2-BUY Hand of God V2.2-BUY ",888,00:00:26:48,,,,,,,,,,,,
,88471045,10/13/2025 21:08,10/13/2025 21:11,XAUUSD,Sell,0.010,4100.92000,0.00000,4102.55000,4100.92000,0.0000,0.0000,163.0,1.63,0.06,"Hand of God V2.2-Sell[sl 4100.92]",888,00:00:02:27,,,,,,,,,,,,
,88470194,10/13/2025 20:59,10/13/2025 21:08,XAUUSD,Sell,0.010,4102.08000,0.00000,4103.69000,4102.11000,0.0000,0.0000,158.0,1.58,0.06,"Hand of God V2.2-Sell[sl 4102.08]",888,00:00:08:51,,,,,,,,,,,,
,88469831,10/13/2025 20:55,10/13/2025 21:08,XAUUSD,Sell,0.010,4102.08000,0.00000,4102.07000,4102.11000,0.0000,0.0000,-4.0,-0.04,0.00,"Hand of God V2.2-Sell[sl 4102.08]",888,00:00:13:03,,,,,,,,,,,,
,88469479,10/13/2025 20:52,10/13/2025 20:54,XAUUSD,Sell,0.010,4102.56000,0.00000,4102.89000,4102.56000,0.0000,0.0000,33.0,0.33,0.01,"Hand of God V2.2-Sell[sl 4102.56]",888,00:00:02:44,,,,,,,,,,,,
,88468979,10/13/2025 20:49,10/13/2025 20:52,XAUUSD,Sell,0.010,4103.68000,0.00000,4106.13000,4103.69000,0.0000,0.0000,244.0,2.44,0.10,"Hand of God V2.2-Sell[sl 4103.68]",888,00:00:02:40,,,,,,,,,,,,
,88468631,10/13/2025 20:45,10/13/2025 20:49,XAUUSD,Sell,0.010,4106.89000,0.00000,4107.62000,4106.95000,0.0000,0.0000,67.0,0.67,0.03,"Hand of God V2.2-Sell[sl 4106.89]",888,00:00:03:40,,,,,,,,,,,,
,88467805,10/13/2025 20:39,10/13/2025 20:45,XAUUSD,Sell,0.010,4108.05000,0.00000,4110.11000,4108.07000,0.0000,0.0000,204.0,2.04,0.08,"Hand of God V2.2-Sell[sl 4108.05]",888,00:00:06:12,,,,,,,,,,,,
,88467454,10/13/2025 20:36,10/13/2025 20:45,XAUUSD,Sell,0.010,4108.05000,0.00000,4108.66000,4108.07000,0.0000,0.0000,59.0,0.59,0.02,"Hand of God V2.2-Sell[sl 4108.05]",888,00:00:08:57,,,,,,,,,,,,
,88467452,10/13/2025 20:36,10/13/2025 20:40,XAUUSD,Buy,0.010,4109.81000,0.00000,4109.44000,4109.73000,0.0000,0.0000,29.0,0.29,0.01,"Hand of God V2.2-BUY [sl 4109.81]",888,00:00:03:51,,,,,,,,,,,,
,88464315,10/13/2025 20:15,10/13/2025 20:36,XAUUSD,Sell,0.010,0.00000,0.00000,4106.14000,4109.02000,0.0000,0.0000,-288.0,-2.88,-0.11,"Hand of God V2.2-SellHand of God V2.2-Sell",888,00:00:20:55,,,,,,,,,,,,
,88464256,10/13/2025 20:14,10/13/2025 20:36,XAUUSD,Sell,0.010,0.00000,0.00000,4104.51000,4109.02000,0.0000,0.0000,-451.0,-4.51,-0.18,"Hand of God V2.2-SellHand of God V2.2-Sell",888,00:00:21:46,,,,,,,,,,,,
,88466241,10/13/2025 20:29,10/13/2025 20:35,XAUUSD,Sell,0.030,0.00000,0.00000,4114.09000,4109.10000,0.0000,0.0000,499.0,14.97,0.60,"Hand of God V2.2-SellHand of God V2.2-Sell",888,00:00:06:59,,,,,,,,,,,,
,88465675,10/13/2025 20:23,10/13/2025 20:35,XAUUSD,Sell,0.020,0.00000,0.00000,4111.25000,4109.07000,0.0000,0.0000,218.0,4.36,0.17,"Hand of God V2.2-SellHand of God V2.2-Sell",888,00:00:12:11,,,,,,,,,,,,
,88465192,10/13/2025 20:21,10/13/2025 20:35,XAUUSD,Sell,0.020,0.00000,0.00000,4108.86000,4109.03000,0.0000,0.0000,-17.0,-0.34,-0.01,"Hand of God V2.2-SellHand of God V2.2-Sell",888,00:00:14:31,,,,,,,,,,,,
,88466443,10/13/2025 20:29,10/13/2025 20:35,XAUUSD,Buy,0.010,0.00000,0.00000,4113.04000,4108.78000,0.0000,0.0000,-426.0,-4.26,-0.17,"Hand of God V2.2-BUY Hand of God V2.2-BUY ",888,00:00:06:37,,,,,,,,,,,,
,88466765,10/13/2025 20:32,10/13/2025 20:35,XAUUSD,Buy,0.010,0.00000,0.00000,4110.55000,4108.93000,0.0000,0.0000,-162.0,-1.62,-0.06,"Hand of God V2.2-BUY Hand of God V2.2-BUY ",888,00:00:03:55,,,,,,,,,,,,
,88466111,10/13/2025 20:26,10/13/2025 20:29,XAUUSD,Buy,0.010,4113.35000,0.00000,4111.73000,4113.30000,0.0000,0.0000,157.0,1.57,0.06,"Hand of God V2.2-BUY [sl 4113.35]",888,00:00:02:26,,,,,,,,,,,,
,88464577,10/13/2025 20:16,10/13/2025 20:26,XAUUSD,Buy,0.010,4111.10000,0.00000,4105.88000,4111.06000,0.0000,0.0000,518.0,5.18,0.21,"Hand of God V2.2-BUY [sl 4111.10]",888,00:00:09:56,,,,,,,,,,,,
,88463703,10/13/2025 20:11,10/13/2025 20:16,XAUUSD,Buy,0.020,4105.54000,0.00000,4103.39000,4105.53000,0.0000,0.0000,214.0,4.28,0.17,"Hand of God V2.2-BUY [sl 4105.54]",888,00:00:04:45,,,,,,,,,,,,
,88463555,10/13/2025 20:09,10/13/2025 20:16,XAUUSD,Buy,0.020,4105.54000,0.00000,4104.90000,4105.53000,0.0000,0.0000,63.0,1.26,0.05,"Hand of God V2.2-BUY [sl 4105.54]",888,00:00:07:01,,,,,,,,,,,,
,88462985,10/13/2025 20:04,10/13/2025 20:16,XAUUSD,Buy,0.010,4105.54000,0.00000,4105.97000,4105.53000,0.0000,0.0000,-44.0,-0.44,-0.02,"Hand of God V2.2-BUY [sl 4105.54]",888,00:00:11:55,,,,,,,,,,,,
,88462731,10/13/2025 20:02,10/13/2025 20:16,XAUUSD,Buy,0.010,4105.54000,0.00000,4107.27000,4105.53000,0.0000,0.0000,-174.0,-1.74,-0.07,"Hand of God V2.2-BUY [sl 4105.54]",888,00:00:13:57,,,,,,,,,,,,
,88463364,10/13/2025 20:07,10/13/2025 20:14,XAUUSD,Sell,0.010,4105.01000,0.00000,4105.53000,4105.02000,0.0000,0.0000,51.0,0.51,0.02,"Hand of God V2.2-Sell[sl 4105.01]",888,00:00:06:54,,,,,,,,,,,,
,88462214,10/13/2025 19:59,10/13/2025 20:07,XAUUSD,Sell,0.010,4106.37000,0.00000,4107.02000,4106.41000,0.0000,0.0000,61.0,0.61,0.02,"Hand of God V2.2-Sell[sl 4106.37]",888,00:00:07:35,,,,,,,,,,,,
,88461983,10/13/2025 19:58,10/13/2025 20:02,XAUUSD,Buy,0.010,4107.02000,0.00000,4105.02000,4106.98000,0.0000,0.0000,196.0,1.96,0.08,"Hand of God V2.2-BUY [sl 4107.02]",888,00:00:03:35,,,,,,,,,,,,
,88461806,10/13/2025 19:57,10/13/2025 20:02,XAUUSD,Buy,0.010,4107.02000,0.00000,4108.82000,4107.00000,0.0000,0.0000,-182.0,-1.82,-0.07,"Hand of God V2.2-BUY [sl 4107.02]",888,00:00:04:45,,,,,,,,,,,,
,88461808,10/13/2025 19:57,10/13/2025 19:59,XAUUSD,Sell,0.010,4107.66000,0.00000,4107.99000,4107.66000,0.0000,0.0000,33.0,0.33,0.01,"Hand of God V2.2-Sell[sl 4107.66]",888,00:00:02:05,,,,,,,,,,,,
,88460004,10/13/2025 19:41,10/13/2025 19:57,XAUUSD,Sell,0.010,0.00000,0.00000,4107.27000,4108.26000,0.0000,0.0000,-99.0,-0.99,-0.04,"Hand of God V2.2-SellHand of God V2.2-Sell",888,00:00:15:19,,,,,,,,,,,,
,88460826,10/13/2025 19:48,10/13/2025 19:57,XAUUSD,Sell,0.020,0.00000,0.00000,4111.73000,4108.31000,0.0000,0.0000,342.0,6.84,0.27,"Hand of God V2.2-SellHand of God V2.2-Sell",888,00:00:08:17,,,,,,,,,,,,
,88460691,10/13/2025 19:47,10/13/2025 19:57,XAUUSD,Sell,0.020,0.00000,0.00000,4110.77000,4108.23000,0.0000,0.0000,254.0,5.08,0.20,"Hand of God V2.2-SellHand of God V2.2-Sell",888,00:00:09:03,,,,,,,,,,,,
,88460472,10/13/2025 19:46,10/13/2025 19:57,XAUUSD,Sell,0.010,0.00000,0.00000,4109.00000,4108.19000,0.0000,0.0000,81.0,0.81,0.03,"Hand of God V2.2-SellHand of God V2.2-Sell",888,00:00:10:45,,,,,,,,,,,,
,88461620,10/13/2025 19:55,10/13/2025 19:57,XAUUSD,Buy,0.010,0.00000,0.00000,4110.59000,4107.88000,0.0000,0.0000,-271.0,-2.71,-0.11,"Hand of God V2.2-BUY Hand of God V2.2-BUY ",888,00:00:01:48,,,,,,,,,,,,
,88461212,10/13/2025 19:51,10/13/2025 19:57,XAUUSD,Buy,0.010,0.00000,0.00000,4111.66000,4107.86000,0.0000,0.0000,-380.0,-3.80,-0.15,"Hand of God V2.2-BUY Hand of God V2.2-BUY ",888,00:00:05:37,,,,,,,,,,,,
,88460651,10/13/2025 19:47,10/13/2025 19:51,XAUUSD,Buy,0.010,4111.50000,0.00000,4109.64000,4111.50000,0.0000,0.0000,186.0,1.86,0.07,"Hand of God V2.2-BUY [sl 4111.50]",888,00:00:04:06,,,,,,,,,,,,
,88459969,10/13/2025 19:40,10/13/2025 19:47,XAUUSD,Buy,0.030,4108.85000,0.00000,4106.88000,4108.81000,0.0000,0.0000,193.0,5.79,0.23,"Hand of God V2.2-BUY [sl 4108.85]",888,00:00:06:05,,,,,,,,,,,,
,88459434,10/13/2025 19:36,10/13/2025 19:47,XAUUSD,Buy,0.020,4108.85000,0.00000,4107.83000,4108.81000,0.0000,0.0000,98.0,1.96,0.08,"Hand of God V2.2-BUY [sl 4108.85]",888,00:00:10:17,,,,,,,,,,,,
,88458609,10/13/2025 19:32,10/13/2025 19:47,XAUUSD,Buy,0.020,4108.85000,0.00000,4109.60000,4108.81000,0.0000,0.0000,-79.0,-1.58,-0.06,"Hand of God V2.2-BUY [sl 4108.85]",888,00:00:14:42,,,,,,,,,,,,
,88457673,10/13/2025 19:28,10/13/2025 19:47,XAUUSD,Buy,0.010,4108.85000,0.00000,4110.39000,4108.81000,0.0000,0.0000,-158.0,-1.58,-0.06,"Hand of God V2.2-BUY [sl 4108.85]",888,00:00:18:11,,,,,,,,,,,,
,88457498,10/13/2025 19:27,10/13/2025 19:47,XAUUSD,Buy,0.010,4108.85000,0.00000,4111.33000,4108.81000,0.0000,0.0000,-252.0,-2.52,-0.10,"Hand of God V2.2-BUY [sl 4108.85]",888,00:00:19:21,,,,,,,,,,,,
,88459644,10/13/2025 19:38,10/13/2025 19:41,XAUUSD,Sell,0.010,4107.62000,0.00000,4107.78000,4107.64000,0.0000,0.0000,14.0,0.14,0.01,"Hand of God V2.2-Sell[sl 4107.62]",888,00:00:02:54,,,,,,,,,,,,
,88459114,10/13/2025 19:35,10/13/2025 19:38,XAUUSD,Sell,0.010,4108.54000,0.00000,4111.40000,4108.58000,0.0000,0.0000,282.0,2.82,0.11,"Hand of God V2.2-Sell[sl 4108.54]",888,00:00:03:17,,,,,,,,,,,,
,88457984,10/13/2025 19:30,10/13/2025 19:38,XAUUSD,Sell,0.010,4108.54000,0.00000,4109.86000,4108.58000,0.0000,0.0000,128.0,1.28,0.05,"Hand of God V2.2-Sell[sl 4108.54]",888,00:00:07:37,,,,,,,,,,,,
,88457499,10/13/2025 19:27,10/13/2025 19:30,XAUUSD,Sell,0.010,4110.63000,0.00000,4110.74000,4110.71000,0.0000,0.0000,3.0,0.03,0.00,"Hand of God V2.2-Sell[sl 4110.63]",888,00:00:02:37,,,,,,,,,,,,
,88450466,10/13/2025 18:34,10/13/2025 19:27,XAUUSD,Sell,0.010,0.00000,0.00000,4094.23000,4110.82000,0.0000,0.0000,-1659.0,-16.59,-0.66,"Hand of God V2.2-SellHand of God V2.2-Sell",888,00:00:53:22,,,,,,,,,,,,
,88454077,10/13/2025 19:03,10/13/2025 19:27,XAUUSD,Sell,0.040,0.00000,0.00000,4107.77000,4110.86000,0.0000,0.0000,-309.0,-12.36,-0.49,"Hand of God V2.2-SellHand of God V2.2-Sell",888,00:00:24:34,,,,,,,,,,,,
,88452575,10/13/2025 18:57,10/13/2025 19:27,XAUUSD,Sell,0.030,0.00000,0.00000,4106.52000,4110.87000,0.0000,0.0000,-435.0,-13.05,-0.52,"Hand of God V2.2-SellHand of God V2.2-Sell",888,00:00:30:05,,,,,,,,,,,,
,88451805,10/13/2025 18:46,10/13/2025 19:27,XAUUSD,Sell,0.020,0.00000,0.00000,4099.98000,4110.87000,0.0000,0.0000,-1089.0,-21.78,-0.86,"Hand of God V2.2-SellHand of God V2.2-Sell",888,00:00:41:17,,,,,,,,,,,,
,88451194,10/13/2025 18:44,10/13/2025 19:27,XAUUSD,Sell,0.020,0.00000,0.00000,4098.74000,4110.85000,0.0000,0.0000,-1211.0,-24.22,-0.94,"Hand of God V2.2-SellHand of God V2.2-Sell",888,00:00:43:13,,,,,,,,,,,,
,88450591,10/13/2025 18:36,10/13/2025 19:27,XAUUSD,Sell,0.010,0.00000,0.00000,4097.11000,4110.85000,0.0000,0.0000,-1374.0,-13.74,-0.53,"Hand of God V2.2-SellHand of God V2.2-Sell",888,00:00:51:32,,,,,,,,,,,,
,88455617,10/13/2025 19:13,10/13/2025 19:27,XAUUSD,Sell,0.140,0.00000,0.00000,4116.05000,4110.93000,0.0000,0.0000,512.0,71.68,2.85,"Hand of God V2.2-SellHand of God V2.2-Sell",888,00:00:14:06,,,,,,,,,,,,
,88455491,10/13/2025 19:12,10/13/2025 19:27,XAUUSD,Sell,0.110,0.00000,0.00000,4114.94000,4110.95000,0.0000,0.0000,399.0,43.89,1.78,"Hand of God V2.2-SellHand of God V2.2-Sell",888,00:00:15:10,,,,,,,,,,,,
,88455274,10/13/2025 19:11,10/13/2025 19:27,XAUUSD,Sell,0.080,0.00000,0.00000,4114.08000,4110.95000,0.0000,0.0000,313.0,25.04,1.03,"Hand of God V2.2-SellHand of God V2.2-Sell",888,00:00:16:11,,,,,,,,,,,,
,88455012,10/13/2025 19:09,10/13/2025 19:27,XAUUSD,Sell,0.060,0.00000,0.00000,4112.23000,4110.92000,0.0000,0.0000,131.0,7.86,0.32,"Hand of God V2.2-SellHand of God V2.2-Sell",888,00:00:17:42,,,,,,,,,,,,
,88454661,10/13/2025 19:06,10/13/2025 19:27,XAUUSD,Sell,0.050,0.00000,0.00000,4109.24000,4110.89000,0.0000,0.0000,-165.0,-8.25,-0.34,"Hand of God V2.2-SellHand of God V2.2-Sell",888,00:00:21:20,,,,,,,,,,,,
,88456611,10/13/2025 19:21,10/13/2025 19:27,XAUUSD,Buy,0.010,0.00000,0.00000,4112.59000,4110.63000,0.0000,0.0000,-196.0,-1.96,-0.08,"Hand of God V2.2-BUY Hand of God V2.2-BUY ",888,00:00:06:21,,,,,,,,,,,,
,88455931,10/13/2025 19:16,10/13/2025 19:27,XAUUSD,Buy,0.010,0.00000,0.00000,4114.65000,4110.57000,0.0000,0.0000,-408.0,-4.08,-0.17,"Hand of God V2.2-BUY Hand of God V2.2-BUY ",888,00:00:11:03,,,,,,,,,,,,
,88455693,10/13/2025 19:14,10/13/2025 19:16,XAUUSD,Buy,0.010,4115.17000,0.00000,4114.84000,4115.16000,0.0000,0.0000,32.0,0.32,0.01,"Hand of God V2.2-BUY [sl 4115.17]",888,00:00:02:05,,,,,,,,,,,,
,88454512,10/13/2025 19:04,10/13/2025 19:14,XAUUSD,Buy,0.010,4114.18000,0.00000,4107.73000,4114.05000,0.0000,0.0000,632.0,6.32,0.26,"Hand of God V2.2-BUY [sl 4114.18]",888,00:00:09:19,,,,,,,,,,,,
,88453669,10/13/2025 19:00,10/13/2025 19:04,XAUUSD,Buy,0.010,4107.64000,0.00000,4105.38000,4107.63000,0.0000,0.0000,225.0,2.25,0.09,"Hand of God V2.2-BUY [sl 4107.64]",888,00:00:04:32,,,,,,,,,,,,
,88452792,10/13/2025 18:54,10/13/2025 18:59,XAUUSD,Buy,0.010,4105.44000,0.00000,4102.17000,4105.44000,0.0000,0.0000,327.0,3.27,0.13,"Hand of God V2.2-BUY [sl 4105.44]",888,00:00:05:30,,,,,,,,,,,,
,88452193,10/13/2025 18:50,10/13/2025 18:54,XAUUSD,Buy,0.010,4101.44000,0.00000,4098.52000,4101.34000,0.0000,0.0000,282.0,2.82,0.12,"Hand of God V2.2-BUY [sl 4101.44]",888,00:00:03:56,,,,,,,,,,,,
,88451491,10/13/2025 18:44,10/13/2025 18:54,XAUUSD,Buy,0.010,4101.44000,0.00000,4099.51000,4101.34000,0.0000,0.0000,183.0,1.83,0.08,"Hand of God V2.2-BUY [sl 4101.44]",888,00:00:09:36,,,,,,,,,,,,
,88450981,10/13/2025 18:38,10/13/2025 18:44,XAUUSD,Buy,0.010,4099.00000,0.00000,4097.91000,4098.99000,0.0000,0.0000,108.0,1.08,0.04,"Hand of God V2.2-BUY [sl 4099.00]",888,00:00:05:23,,,,,,,,,,,,
,88449547,10/13/2025 18:28,10/13/2025 18:38,XAUUSD,Buy,0.010,4097.47000,0.00000,4094.08000,4097.47000,0.0000,0.0000,339.0,3.39,0.14,"Hand of God V2.2-BUY [sl 4097.47]",888,00:00:10:08,,,,,,,,,,,,
,88450038,10/13/2025 18:31,10/13/2025 18:34,XAUUSD,Sell,0.010,4094.79000,0.00000,4096.33000,4094.80000,0.0000,0.0000,153.0,1.53,0.06,"Hand of God V2.2-Sell[sl 4094.79]",888,00:00:02:25,,,,,,,,,,,,
,88449550,10/13/2025 18:28,10/13/2025 18:34,XAUUSD,Sell,0.010,4094.79000,0.00000,4093.49000,4094.80000,0.0000,0.0000,-131.0,-1.31,-0.05,"Hand of God V2.2-Sell[sl 4094.79]",888,00:00:06:04,,,,,,,,,,,,
,88446526,10/13/2025 18:11,10/13/2025 18:27,XAUUSD,Sell,0.010,0.00000,0.00000,4096.65000,4094.41000,0.0000,0.0000,224.0,2.24,0.09,"Hand of God V2.2-SellHand of God V2.2-Sell",888,00:00:16:32,,,,,,,,,,,,
,88448193,10/13/2025 18:18,10/13/2025 18:27,XAUUSD,Sell,0.020,0.00000,0.00000,4098.97000,4094.44000,0.0000,0.0000,453.0,9.06,0.37,"Hand of God V2.2-SellHand of God V2.2-Sell",888,00:00:09:04,,,,,,,,,,,,
,88447387,10/13/2025 18:15,10/13/2025 18:27,XAUUSD,Sell,0.010,0.00000,0.00000,4098.18000,4094.37000,0.0000,0.0000,381.0,3.81,0.16,"Hand of God V2.2-SellHand of God V2.2-Sell",888,00:00:12:04,,,,,,,,,,,,
,88449161,10/13/2025 18:25,10/13/2025 18:27,XAUUSD,Buy,0.010,0.00000,0.00000,4098.22000,4094.26000,0.0000,0.0000,-396.0,-3.96,-0.16,"Hand of God V2.2-BUY Hand of God V2.2-BUY ",888,00:00:02:53,,,,,,,,,,,,
,88448387,10/13/2025 18:19,10/13/2025 18:27,XAUUSD,Buy,0.010,0.00000,0.00000,4099.65000,4094.04000,0.0000,0.0000,-561.0,-5.61,-0.23,"Hand of God V2.2-BUY Hand of God V2.2-BUY ",888,00:00:08:14,,,,,,,,,,,,
,88446886,10/13/2025 18:13,10/13/2025 18:19,XAUUSD,Buy,0.010,4098.96000,0.00000,4096.42000,4098.96000,0.0000,0.0000,254.0,2.54,0.10,"Hand of God V2.2-BUY [sl 4098.96]",888,00:00:06:04,,,,,,,,,,,,
,88446525,10/13/2025 18:11,10/13/2025 18:19,XAUUSD,Buy,0.010,4098.96000,0.00000,4097.43000,4098.96000,0.0000,0.0000,153.0,1.53,0.06,"Hand of God V2.2-BUY [sl 4098.96]",888,00:00:08:07,,,,,,,,,,,,
,88445871,10/13/2025 18:08,10/13/2025 18:11,XAUUSD,Buy,0.020,0.00000,0.00000,4094.00000,4096.99000,0.0000,0.0000,299.0,5.98,0.25,"Hand of God V2.2-BUY Hand of God V2.2-BUY ",888,00:00:02:51,,,,,,,,,,,,
,88445260,10/13/2025 18:07,10/13/2025 18:11,XAUUSD,Buy,0.010,0.00000,0.00000,4094.79000,4097.00000,0.0000,0.0000,221.0,2.21,0.09,"Hand of God V2.2-BUY Hand of God V2.2-BUY ",888,00:00:04:20,,,,,,,,,,,,
,88444008,10/13/2025 17:59,10/13/2025 18:11,XAUUSD,Buy,0.010,0.00000,0.00000,4098.31000,4097.01000,0.0000,0.0000,-130.0,-1.30,-0.05,"Hand of God V2.2-BUY Hand of God V2.2-BUY ",888,00:00:11:42,,,,,,,,,,,,
,88446377,10/13/2025 18:11,10/13/2025 18:11,XAUUSD,Sell,0.010,0.00000,0.00000,4095.96000,4097.51000,0.0000,0.0000,-155.0,-1.55,-0.06,"Hand of God V2.2-SellHand of God V2.2-Sell",888,00:00:00:11,,,,,,,,,,,,
,88446249,10/13/2025 18:10,10/13/2025 18:11,XAUUSD,Sell,0.010,0.00000,0.00000,4093.93000,4097.36000,0.0000,0.0000,-343.0,-3.43,-0.14,"Hand of God V2.2-SellHand of God V2.2-Sell",888,00:00:01:05,,,,,,,,,,,,
,88445996,10/13/2025 18:09,10/13/2025 18:11,XAUUSD,Buy,0.020,0.00000,0.00000,4092.89000,4096.99000,0.0000,0.0000,410.0,8.20,0.34,"Hand of God V2.2-BUY Hand of God V2.2-BUY ",888,00:00:02:09,,,,,,,,,,,,
,88444378,10/13/2025 18:01,10/13/2025 18:10,XAUUSD,Sell,0.010,4094.53000,0.00000,4098.56000,4094.55000,0.0000,0.0000,401.0,4.01,0.17,"Hand of God V2.2-Sell[sl 4094.53]",888,00:00:08:43,,,,,,,,,,,,
,88444010,10/13/2025 17:59,10/13/2025 18:10,XAUUSD,Sell,0.010,4094.53000,0.00000,4097.43000,4094.55000,0.0000,0.0000,288.0,2.88,0.12,"Hand of God V2.2-Sell[sl 4094.53]",888,00:00:10:39,,,,,,,,,,,,
,88442853,10/13/2025 17:53,10/13/2025 17:59,XAUUSD,Sell,0.030,0.00000,0.00000,4102.82000,4098.40000,0.0000,0.0000,442.0,13.26,0.56,"Hand of God V2.2-SellHand of God V2.2-Sell",888,00:00:06:06,,,,,,,,,,,,
,88441874,10/13/2025 17:48,10/13/2025 17:59,XAUUSD,Sell,0.020,0.00000,0.00000,4099.51000,4098.39000,0.0000,0.0000,112.0,2.24,0.09,"Hand of God V2.2-SellHand of God V2.2-Sell",888,00:00:11:13,,,,,,,,,,,,
,88440033,10/13/2025 17:39,10/13/2025 17:59,XAUUSD,Sell,0.020,0.00000,0.00000,4098.36000,4098.42000,0.0000,0.0000,-6.0,-0.12,-0.01,"Hand of God V2.2-SellHand of God V2.2-Sell",888,00:00:19:50,,,,,,,,,,,,
,88438175,10/13/2025 17:30,10/13/2025 17:59,XAUUSD,Sell,0.010,0.00000,0.00000,4096.62000,4098.39000,0.0000,0.0000,-177.0,-1.77,-0.07,"Hand of God V2.2-SellHand of God V2.2-Sell",888,00:00:28:42,,,,,,,,,,,,
,88436494,10/13/2025 17:22,10/13/2025 17:59,XAUUSD,Sell,0.010,0.00000,0.00000,4095.61000,4098.35000,0.0000,0.0000,-274.0,-2.74,-0.11,"Hand of God V2.2-SellHand of God V2.2-Sell",888,00:00:36:50,,,,,,,,,,,,
,88443484,10/13/2025 17:56,10/13/2025 17:59,XAUUSD,Buy,0.010,0.00000,0.00000,4100.04000,4098.07000,0.0000,0.0000,-197.0,-1.97,-0.08,"Hand of God V2.2-BUY Hand of God V2.2-BUY ",888,00:00:02:48,,,,,,,,,,,,
,88443236,10/13/2025 17:55,10/13/2025 17:59,XAUUSD,Buy,0.010,0.00000,0.00000,4101.06000,4098.05000,0.0000,0.0000,-301.0,-3.01,-0.13,"Hand of God V2.2-BUY Hand of God V2.2-BUY ",888,00:00:04:08,,,,,,,,,,,,
,88442307,10/13/2025 17:50,10/13/2025 17:55,XAUUSD,Buy,0.010,4101.15000,0.00000,4099.85000,4101.14000,0.0000,0.0000,129.0,1.29,0.05,"Hand of God V2.2-BUY [sl 4101.15]",888,00:00:04:42,,,,,,,,,,,,
,88440604,10/13/2025 17:42,10/13/2025 17:50,XAUUSD,Buy,0.010,4099.02000,0.00000,4096.84000,4099.01000,0.0000,0.0000,217.0,2.17,0.09,"Hand of God V2.2-BUY [sl 4099.02]",888,00:00:08:06,,,,,,,,,,,,
,88440439,10/13/2025 17:41,10/13/2025 17:50,XAUUSD,Buy,0.010,4099.02000,0.00000,4097.99000,4099.01000,0.0000,0.0000,102.0,1.02,0.04,"Hand of God V2.2-BUY [sl 4099.02]",888,00:00:09:03,,,,,,,,,,,,
,88440332,10/13/2025 17:40,10/13/2025 17:40,XAUUSD,Buy,0.010,4097.75000,0.00000,4096.38000,4097.71000,0.0000,0.0000,133.0,1.33,0.06,"Hand of God V2.2-BUY [sl 4097.75]",888,00:00:00:27,,,,,,,,,,,,
,88438941,10/13/2025 17:34,10/13/2025 17:40,XAUUSD,Buy,0.010,4097.75000,0.00000,4097.83000,4097.71000,0.0000,0.0000,-12.0,-0.12,-0.01,"Hand of God V2.2-BUY [sl 4097.75]",888,00:00:06:46,,,,,,,,,,,,
,88437135,10/13/2025 17:24,10/13/2025 17:34,XAUUSD,Buy,0.010,4096.98000,0.00000,4095.08000,4096.93000,0.0000,0.0000,185.0,1.85,0.08,"Hand of God V2.2-BUY [sl 4096.98]",888,00:00:09:32,,,,,,,,,,,,
,88436492,10/13/2025 17:22,10/13/2025 17:24,XAUUSD,Buy,0.010,4094.88000,0.00000,4094.59000,4094.84000,0.0000,0.0000,25.0,0.25,0.01,"Hand of God V2.2-BUY [sl 4094.88]",888,00:00:01:33,,,,,,,,,,,,
,88435251,10/13/2025 17:17,10/13/2025 17:19,XAUUSD,Sell,0.150,4094.42000,0.00000,4091.90000,4094.43000,0.0000,0.0000,-253.0,-37.95,-1.56,"PythonX XAUUSD M1[sl 4094.42]",525252,00:00:02:52,,,,,,,,,,,,
,88433245,10/13/2025 17:06,10/13/2025 17:06,XAUUSD,Sell,0.150,4094.44000,0.00000,4092.03000,4094.62000,0.0000,0.0000,-259.0,-38.85,-1.58,"PythonX XAUUSD M1[sl 4094.44]",525252,00:00:00:31,,,,,,,,,,,,
,88426282,10/13/2025 16:36,10/13/2025 16:39,XAUUSD,Sell,0.100,4086.86000,0.00000,4084.33000,4086.86000,0.0000,0.0000,-253.0,-25.30,-1.02,"PythonX XAUUSD M1[sl 4086.86]",525252,00:00:03:01,,,,,,,,,,,,
,88422326,10/13/2025 16:21,10/13/2025 16:23,XAUUSD,Sell,0.080,4087.90000,0.00000,4085.55000,4087.96000,0.0000,0.0000,-241.0,-19.28,-0.77,"PythonX XAUUSD M1[sl 4087.90]",525252,00:00:02:01,,,,,,,,,,,,
,88420534,10/13/2025 16:15,10/13/2025 16:20,XAUUSD,Buy,0.060,4085.31000,0.00000,4087.94000,4085.16000,0.0000,0.0000,-278.0,-16.68,-0.66,"PythonX XAUUSD M1[sl 4085.31]",525252,00:00:05:15,,,,,,,,,,,,
,88417424,10/13/2025 16:01,10/13/2025 16:01,XAUUSD,Buy,0.040,4080.28000,0.00000,4082.76000,4080.18000,0.0000,0.0000,-258.0,-10.32,-0.41,"PythonX XAUUSD M1[sl 4080.28]",525252,00:00:00:43,,,,,,,,,,,,
,88413168,10/13/2025 15:41,10/13/2025 15:43,XAUUSD,Sell,0.020,4081.33000,0.00000,4078.87000,4081.39000,0.0000,0.0000,-252.0,-5.04,-0.20,"PythonX XAUUSD M1[sl 4081.33]",525252,00:00:02:30,,,,,,,,,,,,
,88410205,10/13/2025 15:26,10/13/2025 15:36,XAUUSD,Buy,0.010,4079.90000,0.00000,4082.17000,4079.88000,0.0000,0.0000,-229.0,-2.29,-0.09,"PythonX XAUUSD M1[sl 4079.90]",525252,00:00:10:17,,,,,,,,,,,,
,88403225,10/13/2025 14:47,10/13/2025 15:20,XAUUSD,Sell,0.010,4078.82000,0.00000,4076.33000,4078.82000,0.0000,0.0000,-249.0,-2.49,-0.10,"PythonX XAUUSD M1[sl 4078.82]",525252,00:00:33:25,,,,,,,,,,,,
,88401938,10/13/2025 14:31,10/13/2025 14:43,XAUUSD,Sell,0.020,0.00000,4076.72000,4080.23000,4076.71000,0.0000,0.0000,352.0,7.04,0.28,"PythonX XAUUSD M1[tp 4076.72]",525252,00:00:12:20,,,,,,,,,,,,
,88399815,10/13/2025 14:03,10/13/2025 14:06,XAUUSD,Sell,0.010,4081.66000,0.00000,4079.15000,4081.86000,0.0000,0.0000,-271.0,-2.71,-0.11,"PythonX XAUUSD M1[sl 4081.66]",525252,00:00:03:51,,,,,,,,,,,,
,88394068,10/13/2025 12:52,10/13/2025 13:00,XAUUSD,Buy,0.010,4075.34000,0.00000,4077.81000,4075.30000,0.0000,0.0000,-251.0,-2.51,-0.10,"PythonX XAUUSD M1[sl 4075.34]",525252,00:00:08:21,,,,,,,,,,,,
,88391015,10/13/2025 12:13,10/13/2025 12:28,XAUUSD,Sell,0.100,0.00000,4071.82000,4075.44000,4071.79000,0.0000,0.0000,365.0,36.50,1.46,"PythonX XAUUSD M1[tp 4071.82]",525252,00:00:15:05,,,,,,,,,,,,
,88390517,10/13/2025 12:07,10/13/2025 12:10,XAUUSD,Buy,0.010,4077.07000,0.00000,4079.60000,4076.99000,0.0000,0.0000,-261.0,-2.61,-0.10,"PythonX XAUUSD M1[sl 4077.07]",525252,00:00:03:34,,,,,,,,,,,,
,88387058,10/13/2025 11:25,10/13/2025 11:28,XAUUSD,Buy,0.040,4072.05000,0.00000,4074.58000,4071.99000,0.0000,0.0000,-259.0,-10.36,-0.41,"PythonX XAUUSD M1[sl 4072.05]",525252,00:00:03:33,,,,,,,,,,,,
,88386164,10/13/2025 11:14,10/13/2025 11:16,XAUUSD,Buy,0.020,4073.11000,0.00000,4075.79000,4073.07000,0.0000,0.0000,-272.0,-5.44,-0.22,"PythonX XAUUSD M1[sl 4073.11]",525252,00:00:02:29,,,,,,,,,,,,
,88384926,10/13/2025 10:58,10/13/2025 11:04,XAUUSD,Sell,0.010,4073.28000,0.00000,4070.58000,4073.39000,0.0000,0.0000,-281.0,-2.81,-0.11,"PythonX XAUUSD M1[sl 4073.28]",525252,00:00:06:18,,,,,,,,,,,,
,88384368,10/13/2025 10:52,10/13/2025 10:54,XAUUSD,Buy,0.010,4073.83000,0.00000,4076.31000,4073.82000,0.0000,0.0000,-249.0,-2.49,-0.10,"PythonX XAUUSD M1[sl 4073.83]",525252,00:00:02:36,,,,,,,,,,,,
,88383363,10/13/2025 10:40,10/13/2025 10:45,XAUUSD,Buy,0.010,0.00000,4075.69000,4072.19000,4075.72000,0.0000,0.0000,353.0,3.53,0.14,"PythonX XAUUSD M1[tp 4075.69]",525252,00:00:05:51,,,,,,,,,,,,
,88383010,10/13/2025 10:35,10/13/2025 10:39,XAUUSD,Sell,0.010,4072.03000,0.00000,4069.72000,4072.12000,0.0000,0.0000,-240.0,-2.40,-0.09,"PythonX XAUUSD M1[sl 4072.03]",525252,00:00:04:06,,,,,,,,,,,,
,88380174,10/13/2025 10:04,10/13/2025 10:14,XAUUSD,Buy,0.010,0.00000,4072.15000,4068.66000,4072.18000,0.0000,0.0000,352.0,3.52,0.14,"PythonX XAUUSD M1[tp 4072.15]",525252,00:00:10:04,,,,,,,,,,,,
,88379315,10/13/2025 09:53,10/13/2025 09:53,XAUUSD,Buy,0.010,4068.01000,0.00000,4070.51000,4067.21000,0.0000,0.0000,-330.0,-3.30,-0.13,"PythonX XAUUSD M1[sl 4068.01]",525252,00:00:00:46,,,,,,,,,,,,
,88375872,10/13/2025 09:09,10/13/2025 09:10,XAUUSD,Buy,0.010,0.00000,0.00000,4064.07000,4065.13000,0.0000,0.0000,106.0,1.06,0.04,"Hand of God V2.2-BUY ",888,00:00:00:37,,,,,,,,,,,,
,88375870,10/13/2025 09:09,10/13/2025 09:10,XAUUSD,Sell,0.010,0.00000,0.00000,4063.42000,4064.78000,0.0000,0.0000,-136.0,-1.36,-0.05,"Hand of God V2.2-Sell",888,00:00:00:41,,,,,,,,,,,,
,88375578,10/13/2025 09:07,10/13/2025 09:09,XAUUSD,Sell,0.010,0.00000,0.00000,4064.34000,4064.71000,0.0000,0.0000,-37.0,0.00,0.00,"Hand of God V2.2-Sell#88375312 by #88375578",888,00:00:02:30,,,,,,,,,,,,
,88375743,10/13/2025 09:08,10/13/2025 09:09,XAUUSD,Buy,0.030,0.00000,0.00000,4060.97000,4063.92000,0.0000,0.0000,295.0,8.85,0.35,"Hand of God V2.2-BUY ",888,00:00:00:43,,,,,,,,,,,,
,88375716,10/13/2025 09:08,10/13/2025 09:09,XAUUSD,Buy,0.020,0.00000,0.00000,4062.98000,4063.92000,0.0000,0.0000,94.0,1.88,0.07,"Hand of God V2.2-BUY ",888,00:00:01:09,,,,,,,,,,,,
,88375637,10/13/2025 09:07,10/13/2025 09:09,XAUUSD,Buy,0.020,0.00000,0.00000,4063.92000,4063.92000,0.0000,0.0000,0.0,0.00,0.00,"Hand of God V2.2-BUY ",888,00:00:02:03,,,,,,,,,,,,
,88375312,10/13/2025 09:04,10/13/2025 09:09,XAUUSD,Buy,0.010,0.00000,0.00000,4064.71000,4064.34000,0.0000,0.0000,-37.0,-0.37,-0.01,"Hand of God V2.2-BUY #88375312 by #88375578",888,00:00:05:36,,,,,,,,,,,,
,88375147,10/13/2025 09:01,10/13/2025 09:09,XAUUSD,Buy,0.010,0.00000,0.00000,4066.20000,4063.92000,0.0000,0.0000,-228.0,-2.28,-0.09,"Hand of God V2.2-BUY ",888,00:00:07:49,,,,,,,,,,,,
,88375149,10/13/2025 09:01,10/13/2025 09:07,XAUUSD,Sell,0.010,4065.15000,0.00000,4066.65000,4065.15000,0.0000,0.0000,150.0,1.50,0.06,"Hand of God V2.2-Sell[sl 4065.15]",888,00:00:05:26,,,,,,,,,,,,
,88374056,10/13/2025 08:49,10/13/2025 09:01,XAUUSD,Buy,0.010,0.00000,0.00000,4074.22000,4067.20000,0.0000,0.0000,-702.0,-7.02,-0.28,"Hand of God V2.2-BUY Hand of God V2.2-BUY ",888,00:00:11:44,,,,,,,,,,,,
,88374586,10/13/2025 08:56,10/13/2025 09:01,XAUUSD,Buy,0.030,0.00000,0.00000,4067.49000,4067.36000,0.0000,0.0000,-13.0,-0.39,-0.02,"Hand of God V2.2-BUY Hand of God V2.2-BUY ",888,00:00:04:56,,,,,,,,,,,,
,88374268,10/13/2025 08:52,10/13/2025 09:01,XAUUSD,Buy,0.020,0.00000,0.00000,4070.82000,4067.35000,0.0000,0.0000,-347.0,-6.94,-0.27,"Hand of God V2.2-BUY Hand of God V2.2-BUY ",888,00:00:09:26,,,,,,,,,,,,
,88374217,10/13/2025 08:51,10/13/2025 09:01,XAUUSD,Buy,0.020,0.00000,0.00000,4071.62000,4067.37000,0.0000,0.0000,-425.0,-8.50,-0.33,"Hand of God V2.2-BUY Hand of God V2.2-BUY ",888,00:00:09:57,,,,,,,,,,,,
,88374121,10/13/2025 08:50,10/13/2025 09:01,XAUUSD,Buy,0.010,0.00000,0.00000,4073.00000,4067.35000,0.0000,0.0000,-565.0,-5.65,-0.22,"Hand of God V2.2-BUY Hand of God V2.2-BUY ",888,00:00:11:29,,,,,,,,,,,,
,88374999,10/13/2025 09:00,10/13/2025 09:01,XAUUSD,Sell,0.010,0.00000,0.00000,4064.60000,4067.85000,0.0000,0.0000,-325.0,-3.25,-0.13,"Hand of God V2.2-SellHand of God V2.2-Sell",888,00:00:01:26,,,,,,,,,,,,
,88374900,10/13/2025 08:59,10/13/2025 09:01,XAUUSD,Buy,0.060,0.00000,0.00000,4063.20000,4067.46000,0.0000,0.0000,426.0,25.56,1.01,"Hand of God V2.2-BUY Hand of God V2.2-BUY ",888,00:00:02:04,,,,,,,,,,,,
,88374798,10/13/2025 08:58,10/13/2025 09:01,XAUUSD,Buy,0.050,0.00000,0.00000,4064.51000,4067.49000,0.0000,0.0000,298.0,14.90,0.59,"Hand of God V2.2-BUY Hand of God V2.2-BUY ",888,00:00:03:25,,,,,,,,,,,,
,88374766,10/13/2025 08:58,10/13/2025 09:01,XAUUSD,Buy,0.040,0.00000,0.00000,4065.33000,4067.41000,0.0000,0.0000,208.0,8.32,0.33,"Hand of God V2.2-BUY Hand of God V2.2-BUY ",888,00:00:03:32,,,,,,,,,,,,
,88375030,10/13/2025 09:00,10/13/2025 09:01,XAUUSD,Sell,0.010,0.00000,0.00000,4066.08000,4067.85000,0.0000,0.0000,-177.0,-1.77,-0.07,"Hand of God V2.2-SellHand of God V2.2-Sell",888,00:00:01:07,,,,,,,,,,,,
,88374958,10/13/2025 09:00,10/13/2025 09:00,XAUUSD,Sell,0.010,4066.17000,0.00000,4063.72000,4066.24000,0.0000,0.0000,-252.0,-2.52,-0.10,"PythonX XAUUSD M1[sl 4066.17]",525252,00:00:00:11,,,,,,,,,,,,
,88374425,10/13/2025 08:54,10/13/2025 09:00,XAUUSD,Sell,0.010,4065.02000,0.00000,4072.28000,4065.10000,0.0000,0.0000,718.0,7.18,0.29,"Hand of God V2.2-Sell[sl 4065.02]",888,00:00:05:18,,,,,,,,,,,,
,88374358,10/13/2025 08:53,10/13/2025 09:00,XAUUSD,Sell,0.010,4065.02000,0.00000,4070.50000,4065.10000,0.0000,0.0000,540.0,5.40,0.22,"Hand of God V2.2-Sell[sl 4065.02]",888,00:00:06:54,,,,,,,,,,,,
,88374565,10/13/2025 08:56,10/13/2025 08:57,XAUUSD,Sell,0.010,0.00000,4066.22000,4069.71000,4066.21000,0.0000,0.0000,350.0,3.50,0.14,"PythonX XAUUSD M1[tp 4066.22]",525252,00:00:01:46,,,,,,,,,,,,
,88373954,10/13/2025 08:47,10/13/2025 08:53,XAUUSD,Sell,0.010,4071.27000,0.00000,4075.30000,4071.27000,0.0000,0.0000,403.0,4.03,0.16,"Hand of God V2.2-Sell[sl 4071.27]",888,00:00:05:22,,,,,,,,,,,,
,88373791,10/13/2025 08:45,10/13/2025 08:53,XAUUSD,Sell,0.010,4071.27000,0.00000,4074.33000,4071.27000,0.0000,0.0000,306.0,3.06,0.12,"Hand of God V2.2-Sell[sl 4071.27]",888,00:00:07:22,,,,,,,,,,,,
,88373906,10/13/2025 08:47,10/13/2025 08:49,XAUUSD,Buy,0.010,4074.86000,0.00000,4074.30000,4074.83000,0.0000,0.0000,53.0,0.53,0.02,"Hand of God V2.2-BUY [sl 4074.86]",888,00:00:02:06,,,,,,,,,,,,
,88373818,10/13/2025 08:45,10/13/2025 08:49,XAUUSD,Buy,0.010,4074.86000,0.00000,4075.10000,4074.83000,0.0000,0.0000,-27.0,-0.27,-0.01,"Hand of God V2.2-BUY [sl 4074.86]",888,00:00:03:25,,,,,,,,,,,,
,88373790,10/13/2025 08:45,10/13/2025 08:45,XAUUSD,Buy,0.010,4074.35000,0.00000,4073.57000,4074.35000,0.0000,0.0000,78.0,0.78,0.03,"Hand of God V2.2-BUY [sl 4074.35]",888,00:00:00:12,,,,,,,,,,,,
,88372632,10/13/2025 08:34,10/13/2025 08:45,XAUUSD,Sell,0.030,0.00000,0.00000,4076.41000,4073.32000,0.0000,0.0000,309.0,9.27,0.37,"Hand of God V2.2-SellHand of God V2.2-Sell",888,00:00:11:12,,,,,,,,,,,,
,88372585,10/13/2025 08:31,10/13/2025 08:45,XAUUSD,Sell,0.020,0.00000,0.00000,4071.59000,4073.35000,0.0000,0.0000,-176.0,-3.52,-0.14,"Hand of God V2.2-SellHand of God V2.2-Sell",888,00:00:13:19,,,,,,,,,,,,
,88372525,10/13/2025 08:31,10/13/2025 08:45,XAUUSD,Sell,0.020,0.00000,0.00000,4070.86000,4073.19000,0.0000,0.0000,-233.0,-4.66,-0.19,"Hand of God V2.2-SellHand of God V2.2-Sell",888,00:00:14:09,,,,,,,,,,,,
,88372461,10/13/2025 08:30,10/13/2025 08:45,XAUUSD,Sell,0.010,0.00000,0.00000,4069.85000,4073.31000,0.0000,0.0000,-346.0,-3.46,-0.14,"Hand of God V2.2-SellHand of God V2.2-Sell",888,00:00:14:49,,,,,,,,,,,,
,88372442,10/13/2025 08:30,10/13/2025 08:45,XAUUSD,Sell,0.010,0.00000,0.00000,4069.07000,4073.40000,0.0000,0.0000,-433.0,-4.33,-0.17,"Hand of God V2.2-SellHand of God V2.2-Sell",888,00:00:15:03,,,,,,,,,,,,
,88373071,10/13/2025 08:36,10/13/2025 08:45,XAUUSD,Sell,0.040,0.00000,0.00000,4077.20000,4073.32000,0.0000,0.0000,388.0,15.52,0.63,"Hand of God V2.2-SellHand of God V2.2-Sell",888,00:00:08:35,,,,,,,,,,,,
,88373668,10/13/2025 08:44,10/13/2025 08:45,XAUUSD,Buy,0.010,0.00000,0.00000,4075.36000,4072.88000,0.0000,0.0000,-248.0,-2.48,-0.10,"Hand of God V2.2-BUY Hand of God V2.2-BUY ",888,00:00:00:46,,,,,,,,,,,,
,88373587,10/13/2025 08:42,10/13/2025 08:45,XAUUSD,Buy,0.010,0.00000,0.00000,4076.24000,4072.94000,0.0000,0.0000,-330.0,-3.30,-0.13,"Hand of God V2.2-BUY Hand of God V2.2-BUY ",888,00:00:02:21,,,,,,,,,,,,
,88373141,10/13/2025 08:37,10/13/2025 08:42,XAUUSD,Buy,0.010,4075.71000,0.00000,4074.50000,4075.68000,0.0000,0.0000,118.0,1.18,0.05,"Hand of God V2.2-BUY [sl 4075.71]",888,00:00:05:22,,,,,,,,,,,,
,88372895,10/13/2025 08:34,10/13/2025 08:42,XAUUSD,Buy,0.010,4075.71000,0.00000,4075.52000,4075.68000,0.0000,0.0000,16.0,0.16,0.01,"Hand of God V2.2-BUY [sl 4075.71]",888,00:00:08:08,,,,,,,,,,,,
,88372372,10/13/2025 08:30,10/13/2025 08:34,XAUUSD,Buy,0.010,4074.91000,0.00000,4070.20000,4074.90000,0.0000,0.0000,470.0,4.70,0.19,"Hand of God V2.2-BUY [sl 4074.91]",888,00:00:04:21,,,,,,,,,,,,
,88372185,10/13/2025 08:28,10/13/2025 08:34,XAUUSD,Buy,0.010,4074.91000,0.00000,4071.75000,4074.90000,0.0000,0.0000,315.0,3.15,0.13,"Hand of God V2.2-BUY [sl 4074.91]",888,00:00:06:31,,,,,,,,,,,,
,88370967,10/13/2025 08:14,10/13/2025 08:30,XAUUSD,Sell,0.010,0.00000,0.00000,4062.53000,4069.38000,0.0000,0.0000,-685.0,-6.85,-0.28,"Hand of God V2.2-SellHand of God V2.2-Sell",888,00:00:15:36,,,,,,,,,,,,
,88370949,10/13/2025 08:14,10/13/2025 08:30,XAUUSD,Sell,0.010,0.00000,0.00000,4061.41000,4069.23000,0.0000,0.0000,-782.0,-7.82,-0.31,"Hand of God V2.2-SellHand of God V2.2-Sell",888,00:00:16:00,,,,,,,,,,,,
,88371524,10/13/2025 08:20,10/13/2025 08:30,XAUUSD,Sell,0.040,0.00000,0.00000,4068.03000,4069.24000,0.0000,0.0000,-121.0,-4.84,-0.19,"Hand of God V2.2-SellHand of God V2.2-Sell",888,00:00:09:47,,,,,,,,,,,,
,88371394,10/13/2025 08:18,10/13/2025 08:30,XAUUSD,Sell,0.030,0.00000,0.00000,4067.24000,4069.46000,0.0000,0.0000,-222.0,-6.66,-0.27,"Hand of God V2.2-SellHand of God V2.2-Sell",888,00:00:11:12,,,,,,,,,,,,
,88371330,10/13/2025 08:18,10/13/2025 08:30,XAUUSD,Sell,0.020,0.00000,0.00000,4066.56000,4069.60000,0.0000,0.0000,-304.0,-6.08,-0.24,"Hand of God V2.2-SellHand of God V2.2-Sell",888,00:00:11:35,,,,,,,,,,,,
,88371202,10/13/2025 08:17,10/13/2025 08:30,XAUUSD,Sell,0.020,0.00000,0.00000,4065.28000,4069.51000,0.0000,0.0000,-423.0,-8.46,-0.34,"Hand of God V2.2-SellHand of God V2.2-Sell",888,00:00:12:20,,,,,,,,,,,,
,88372037,10/13/2025 08:26,10/13/2025 08:30,XAUUSD,Sell,0.110,0.00000,0.00000,4073.74000,4069.13000,0.0000,0.0000,461.0,50.71,2.06,"Hand of God V2.2-SellHand of God V2.2-Sell",888,00:00:03:53,,,,,,,,,,,,
,88371942,10/13/2025 08:25,10/13/2025 08:30,XAUUSD,Sell,0.080,0.00000,0.00000,4071.74000,4069.26000,0.0000,0.0000,248.0,19.84,0.81,"Hand of God V2.2-SellHand of God V2.2-Sell",888,00:00:04:33,,,,,,,,,,,,
,88371856,10/13/2025 08:24,10/13/2025 08:30,XAUUSD,Sell,0.060,0.00000,0.00000,4070.62000,4069.31000,0.0000,0.0000,131.0,7.86,0.32,"Hand of God V2.2-SellHand of God V2.2-Sell",888,00:00:05:33,,,,,,,,,,,,
,88371618,10/13/2025 08:21,10/13/2025 08:30,XAUUSD,Sell,0.050,0.00000,0.00000,4068.65000,4069.26000,0.0000,0.0000,-61.0,-3.05,-0.13,"Hand of God V2.2-SellHand of God V2.2-Sell",888,00:00:08:35,,,,,,,,,,,,
,88372285,10/13/2025 08:29,10/13/2025 08:30,XAUUSD,Buy,0.010,4070.23000,0.00000,4072.84000,4070.22000,0.0000,0.0000,-262.0,-2.62,-0.11,"PythonX XAUUSD M1[sl 4070.23]",525252,00:00:01:01,,,,,,,,,,,,
,88372128,10/13/2025 08:27,10/13/2025 08:27,XAUUSD,Buy,0.010,4071.75000,0.00000,4071.15000,4071.71000,0.0000,0.0000,56.0,0.56,0.02,"Hand of God V2.2-BUY [sl 4071.75]",888,00:00:00:36,,,,,,,,,,,,
,88371675,10/13/2025 08:22,10/13/2025 08:27,XAUUSD,Buy,0.010,4071.75000,0.00000,4069.12000,4071.57000,0.0000,0.0000,245.0,2.45,0.10,"Hand of God V2.2-BUY [sl 4071.75]",888,00:00:05:00,,,,,,,,,,,,
,88371580,10/13/2025 08:21,10/13/2025 08:26,XAUUSD,Buy,0.010,0.00000,4072.59000,4068.81000,4072.61000,0.0000,0.0000,380.0,3.80,0.16,"PythonX XAUUSD M1[tp 4072.59]",525252,00:00:05:03,,,,,,,,,,,,
,88370884,10/13/2025 08:13,10/13/2025 08:22,XAUUSD,Buy,0.010,4068.25000,0.00000,4061.18000,4068.22000,0.0000,0.0000,704.0,7.04,0.29,"Hand of God V2.2-BUY [sl 4068.25]",888,00:00:08:36,,,,,,,,,,,,
,88370614,10/13/2025 08:09,10/13/2025 08:14,XAUUSD,Sell,0.030,4061.79000,0.00000,4064.61000,4061.81000,0.0000,0.0000,280.0,8.40,0.35,"Hand of God V2.2-Sell[sl 4061.79]",888,00:00:04:18,,,,,,,,,,,,
,88370591,10/13/2025 08:09,10/13/2025 08:14,XAUUSD,Sell,0.020,4061.79000,0.00000,4063.93000,4061.81000,0.0000,0.0000,212.0,4.24,0.18,"Hand of God V2.2-Sell[sl 4061.79]",888,00:00:04:26,,,,,,,,,,,,
,88370149,10/13/2025 08:05,10/13/2025 08:14,XAUUSD,Sell,0.020,4061.79000,0.00000,4061.38000,4061.81000,0.0000,0.0000,-43.0,-0.86,-0.04,"Hand of God V2.2-Sell[sl 4061.79]",888,00:00:08:59,,,,,,,,,,,,
,88369929,10/13/2025 08:02,10/13/2025 08:14,XAUUSD,Sell,0.010,4061.79000,0.00000,4057.96000,4061.81000,0.0000,0.0000,-385.0,-3.85,-0.16,"Hand of God V2.2-Sell[sl 4061.79]",888,00:00:11:43,,,,,,,,,,,,
,88369762,10/13/2025 07:59,10/13/2025 08:14,XAUUSD,Sell,0.010,4061.79000,0.00000,4056.16000,4061.81000,0.0000,0.0000,-565.0,-5.65,-0.23,"Hand of God V2.2-Sell[sl 4061.79]",888,00:00:14:10,,,,,,,,,,,,
,88370720,10/13/2025 08:11,10/13/2025 08:13,XAUUSD,Buy,0.010,4061.11000,0.00000,4060.77000,4061.11000,0.0000,0.0000,34.0,0.34,0.01,"Hand of God V2.2-BUY [sl 4061.11]",888,00:00:01:54,,,,,,,,,,,,
,88370434,10/13/2025 08:08,10/13/2025 08:11,XAUUSD,Buy,0.010,4063.01000,0.00000,4060.44000,4062.90000,0.0000,0.0000,246.0,2.46,0.10,"Hand of God V2.2-BUY [sl 4063.01]",888,00:00:02:52,,,,,,,,,,,,
,88370032,10/13/2025 08:02,10/13/2025 08:07,XAUUSD,Buy,0.010,4059.94000,0.00000,4057.88000,4059.91000,0.0000,0.0000,203.0,2.03,0.08,"Hand of God V2.2-BUY [sl 4059.94]",888,00:00:04:19,,,,,,,,,,,,
,88369882,10/13/2025 08:00,10/13/2025 08:02,XAUUSD,Buy,0.020,4057.88000,0.00000,4056.30000,4057.79000,0.0000,0.0000,149.0,2.98,0.12,"Hand of God V2.2-BUY [sl 4057.88]",888,00:00:02:12,,,,,,,,,,,,
,88368920,10/13/2025 07:43,10/13/2025 08:02,XAUUSD,Buy,0.010,4057.88000,0.00000,4057.09000,4057.79000,0.0000,0.0000,70.0,0.70,0.03,"Hand of God V2.2-BUY [sl 4057.88]",888,00:00:18:58,,,,,,,,,,,,
,88368741,10/13/2025 07:39,10/13/2025 08:02,XAUUSD,Buy,0.010,4057.88000,0.00000,4058.86000,4057.79000,0.0000,0.0000,-107.0,-1.07,-0.04,"Hand of God V2.2-BUY [sl 4057.88]",888,00:00:23:02,,,,,,,,,,,,
,88368537,10/13/2025 07:36,10/13/2025 08:00,XAUUSD,Buy,0.010,4055.24000,0.00000,4057.78000,4054.92000,0.0000,0.0000,-286.0,-2.86,-0.12,"PythonX XAUUSD M1[sl 4055.24]",525252,00:00:24:13,,,,,,,,,,,,
,88368675,10/13/2025 07:38,10/13/2025 07:59,XAUUSD,Sell,0.030,4056.63000,0.00000,4058.45000,4056.63000,0.0000,0.0000,182.0,5.46,0.23,"Hand of God V2.2-Sell[sl 4056.63]",888,00:00:20:49,,,,,,,,,,,,
,88368338,10/13/2025 07:33,10/13/2025 07:59,XAUUSD,Sell,0.020,4056.63000,0.00000,4057.50000,4056.63000,0.0000,0.0000,87.0,1.74,0.07,"Hand of God V2.2-Sell[sl 4056.63]",888,00:00:25:52,,,,,,,,,,,,
,88368074,10/13/2025 07:30,10/13/2025 07:59,XAUUSD,Sell,0.020,4056.63000,0.00000,4056.36000,4056.63000,0.0000,0.0000,-27.0,-0.54,-0.02,"Hand of God V2.2-Sell[sl 4056.63]",888,00:00:28:59,,,,,,,,,,,,
,88368003,10/13/2025 07:28,10/13/2025 07:59,XAUUSD,Sell,0.010,4056.63000,0.00000,4055.14000,4056.63000,0.0000,0.0000,-149.0,-1.49,-0.06,"Hand of God V2.2-Sell[sl 4056.63]",888,00:00:30:56,,,,,,,,,,,,
,88367655,10/13/2025 07:22,10/13/2025 07:59,XAUUSD,Sell,0.010,4056.63000,0.00000,4054.30000,4056.63000,0.0000,0.0000,-233.0,-2.33,-0.10,"Hand of God V2.2-Sell[sl 4056.63]",888,00:00:37:07,,,,,,,,,,,,
,88368188,10/13/2025 07:31,10/13/2025 07:39,XAUUSD,Buy,0.010,4058.21000,0.00000,4056.64000,4058.02000,0.0000,0.0000,138.0,1.38,0.06,"Hand of God V2.2-BUY [sl 4058.21]",888,00:00:08:17,,,,,,,,,,,,
,88367940,10/13/2025 07:27,10/13/2025 07:30,XAUUSD,Buy,0.010,4056.02000,0.00000,4055.49000,4056.01000,0.0000,0.0000,52.0,0.52,0.02,"Hand of God V2.2-BUY [sl 4056.02]",888,00:00:03:22,,,,,,,,,,,,
,88367547,10/13/2025 07:20,10/13/2025 07:27,XAUUSD,Buy,0.010,4054.88000,0.00000,4054.13000,4054.61000,0.0000,0.0000,48.0,0.48,0.02,"Hand of God V2.2-BUY [sl 4054.88]",888,00:00:06:06,,,,,,,,,,,,
,88367465,10/13/2025 07:20,10/13/2025 07:27,XAUUSD,Buy,0.010,4054.88000,0.00000,4055.38000,4054.61000,0.0000,0.0000,-77.0,-0.77,-0.03,"Hand of God V2.2-BUY [sl 4054.88]",888,00:00:07:00,,,,,,,,,,,,
,88367110,10/13/2025 07:18,10/13/2025 07:22,XAUUSD,Sell,0.010,4054.88000,0.00000,4055.97000,4054.88000,0.0000,0.0000,109.0,1.09,0.05,"Hand of God V2.2-Sell[sl 4054.88]",888,00:00:03:50,,,,,,,,,,,,
,88367108,10/13/2025 07:15,10/13/2025 07:19,XAUUSD,Buy,0.010,4055.70000,0.00000,4053.68000,4055.70000,0.0000,0.0000,202.0,2.02,0.08,"Hand of God V2.2-BUY [sl 4055.70]",888,00:00:04:26,,,,,,,,,,,,
,88366378,10/13/2025 07:01,10/13/2025 07:17,XAUUSD,Buy,0.010,0.00000,4055.89000,4052.39000,4055.94000,0.0000,0.0000,355.0,3.55,0.15,"PythonX XAUUSD M1[tp 4055.89]",525252,00:00:16:33,,,,,,,,,,,,
,88366947,10/13/2025 07:13,10/13/2025 07:13,XAUUSD,Buy,0.010,0.00000,0.00000,4053.22000,4053.12000,0.0000,0.0000,-10.0,-0.10,0.00,"Hand of God V2.2-BUY Hand of God V2.2-BUY ",888,00:00:00:07,,,,,,,,,,,,
,88366950,10/13/2025 07:13,10/13/2025 07:13,XAUUSD,Sell,0.020,0.00000,0.00000,4052.42000,4053.49000,0.0000,0.0000,-107.0,-2.14,-0.09,"Hand of God V2.2-SellHand of God V2.2-Sell",888,00:00:00:24,,,,,,,,,,,,
,88366928,10/13/2025 07:12,10/13/2025 07:13,XAUUSD,Sell,0.010,0.00000,0.00000,4053.35000,4053.47000,0.0000,0.0000,-12.0,-0.12,0.00,"Hand of God V2.2-SellHand of God V2.2-Sell",888,00:00:01:19,,,,,,,,,,,,
,88366877,10/13/2025 07:11,10/13/2025 07:13,XAUUSD,Sell,0.010,0.00000,0.00000,4054.33000,4053.46000,0.0000,0.0000,87.0,0.87,0.04,"Hand of God V2.2-SellHand of God V2.2-Sell",888,00:00:01:42,,,,,,,,,,,,
,88366845,10/13/2025 07:11,10/13/2025 07:12,XAUUSD,Buy,0.010,0.00000,0.00000,4054.90000,4053.89000,0.0000,0.0000,-101.0,-1.01,-0.04,"Hand of God V2.2-BUY Hand of God V2.2-BUY ",888,00:00:00:28,,,,,,,,,,,,
,88366813,10/13/2025 07:10,10/13/2025 07:12,XAUUSD,Buy,0.010,0.00000,0.00000,4053.82000,4054.06000,0.0000,0.0000,24.0,0.24,0.01,"Hand of God V2.2-BUY Hand of God V2.2-BUY ",888,00:00:01:30,,,,,,,,,,,,
,88366814,10/13/2025 07:10,10/13/2025 07:11,XAUUSD,Sell,0.010,0.00000,0.00000,4053.17000,4054.25000,0.0000,0.0000,-108.0,-1.08,-0.04,"Hand of God V2.2-SellHand of God V2.2-Sell",888,00:00:01:00,,,,,,,,,,,,
,88365391,10/13/2025 06:51,10/13/2025 06:57,XAUUSD,Sell,0.010,4053.15000,0.00000,4050.64000,4053.16000,0.0000,0.0000,-252.0,-2.52,-0.10,"PythonX XAUUSD M1[sl 4053.15]",525252,00:00:06:34,,,,,,,,,,,,
,88363646,10/13/2025 06:26,10/13/2025 06:36,XAUUSD,Buy,0.010,0.00000,4053.54000,4050.13000,4053.86000,0.0000,0.0000,373.0,3.73,0.15,"PythonX XAUUSD M1[tp 4053.54]",525252,00:00:10:42,,,,,,,,,,,,
,88361927,10/13/2025 05:59,10/13/2025 06:04,XAUUSD,Buy,0.050,0.00000,4050.12000,4046.64000,4050.12000,0.0000,0.0000,348.0,17.40,0.73,"PythonX XAUUSD M1[tp 4050.12]",525252,00:00:05:49,,,,,,,,,,,,
,88361671,10/13/2025 05:55,10/13/2025 05:57,XAUUSD,Sell,0.050,4045.99000,0.00000,4043.57000,4046.02000,0.0000,0.0000,-245.0,-12.25,-0.51,"PythonX XAUUSD M1[sl 4045.99]",525252,00:00:02:12,,,,,,,,,,,,
,88360788,10/13/2025 05:42,10/13/2025 05:48,XAUUSD,Buy,0.050,4046.77000,0.00000,4049.30000,4046.72000,0.0000,0.0000,-258.0,-12.90,-0.53,"PythonX XAUUSD M1[sl 4046.77]",525252,00:00:06:48,,,,,,,,,,,,
,88357681,10/13/2025 05:02,10/13/2025 05:02,XAUUSD,Buy,0.030,4052.72000,0.00000,4054.96000,4052.64000,0.0000,0.0000,-232.0,-6.96,-0.29,"PythonX XAUUSD M1[sl 4052.72]",525252,00:00:00:55,,,,,,,,,,,,
,88356508,10/13/2025 04:48,10/13/2025 04:51,XAUUSD,Sell,0.020,4050.51000,0.00000,4047.93000,4050.55000,0.0000,0.0000,-262.0,-5.24,-0.22,"PythonX XAUUSD M1[sl 4050.51]",525252,00:00:03:36,,,,,,,,,,,,
,88355495,10/13/2025 04:38,10/13/2025 04:38,XAUUSD,Buy,0.010,4046.97000,0.00000,4049.48000,4046.76000,0.0000,0.0000,-272.0,-2.72,-0.11,"PythonX XAUUSD M1[sl 4046.97]",525252,00:00:00:11,,,,,,,,,,,,
,88354422,10/13/2025 04:25,10/13/2025 04:29,XAUUSD,Sell,0.010,4043.00000,0.00000,4040.45000,4043.05000,0.0000,0.0000,-260.0,-2.60,-0.11,"PythonX XAUUSD M1[sl 4043.00]",525252,00:00:04:42,,,,,,,,,,,,
,88352569,10/13/2025 04:09,10/13/2025 04:10,XAUUSD,Buy,0.010,0.00000,4050.90000,4047.17000,4051.02000,0.0000,0.0000,385.0,3.85,0.16,"PythonX XAUUSD M1[tp 4050.90]",525252,00:00:01:20,,,,,,,,,,,,
,88351031,10/13/2025 03:58,10/13/2025 03:59,XAUUSD,Sell,0.010,0.00000,4044.59000,4048.17000,4044.46000,0.0000,0.0000,371.0,3.71,0.15,"PythonX XAUUSD M1[tp 4044.59]",525252,00:00:01:02,,,,,,,,,,,,
,88346897,10/13/2025 03:16,10/13/2025 03:19,XAUUSD,Sell,0.050,0.00000,4026.80000,4030.09000,4026.78000,0.0000,0.0000,331.0,16.55,0.69,"PythonX XAUUSD M1[tp 4026.80]",525252,00:00:03:56,,,,,,,,,,,,
,88344013,10/13/2025 02:44,10/13/2025 02:45,XAUUSD,Sell,0.050,4040.16000,0.00000,4037.65000,4040.20000,0.0000,0.0000,-255.0,-12.75,-0.53,"PythonX XAUUSD M1[sl 4040.16]",525252,00:00:01:28,,,,,,,,,,,,
,88343280,10/13/2025 02:35,10/13/2025 02:35,XAUUSD,Sell,0.030,4044.27000,0.00000,4042.00000,4044.68000,0.0000,0.0000,-268.0,-8.04,-0.33,"PythonX XAUUSD M1[sl 4044.27]",525252,00:00:00:12,,,,,,,,,,,,
,88342290,10/13/2025 02:23,10/13/2025 02:23,XAUUSD,Sell,0.020,4049.90000,0.00000,4047.40000,4049.90000,0.0000,0.0000,-250.0,-5.00,-0.21,"PythonX XAUUSD M1[sl 4049.90]",525252,00:00:00:43,,,,,,,,,,,,
,88341010,10/13/2025 02:09,10/13/2025 02:09,XAUUSD,Buy,0.010,4056.47000,0.00000,4059.10000,4056.40000,0.0000,0.0000,-270.0,-2.70,-0.11,"PythonX XAUUSD M1[sl 4056.47]",525252,00:00:00:22,,,,,,,,,,,,
,88340689,10/13/2025 02:07,10/13/2025 02:07,XAUUSD,Buy,0.010,4050.32000,0.00000,4052.87000,4050.15000,0.0000,0.0000,-272.0,-2.72,-0.11,"PythonX XAUUSD M1[sl 4050.32]",525252,00:00:00:12,,,,,,,,,,,,
,88339677,10/13/2025 01:57,10/13/2025 01:59,XAUUSD,Buy,0.050,0.00000,4041.61000,4038.04000,4041.77000,0.0000,0.0000,373.0,18.65,0.77,"PythonX XAUUSD M1[tp 4041.61]",525252,00:00:02:40,,,,,,,,,,,,
,88338258,10/13/2025 01:34,10/13/2025 01:34,XAUUSD,Sell,0.050,4035.80000,0.00000,4033.29000,4035.93000,0.0000,0.0000,-264.0,-13.20,-0.54,"PythonX XAUUSD M1[sl 4035.80]",525252,00:00:00:24,,,,,,,,,,,,
,88319286,10/10/2025 21:59,10/10/2025 22:08,XAUUSD,Buy,0.050,3997.70000,0.00000,4000.22000,3997.68000,0.0000,0.0000,-254.0,-12.70,-0.52,"PythonX XAUUSD M1[sl 3997.70]",525252,00:00:09:15,,,,,,,,,,,,
,88317296,10/10/2025 21:45,10/10/2025 21:46,XAUUSD,Sell,0.030,3997.88000,0.00000,3995.39000,3998.04000,0.0000,0.0000,-265.0,-7.95,-0.32,"PythonX XAUUSD M1[sl 3997.88]",525252,00:00:01:58,,,,,,,,,,,,
,88310396,10/10/2025 20:49,10/10/2025 21:02,XAUUSD,Buy,0.020,3985.22000,0.00000,3987.75000,3985.19000,0.0000,0.0000,-256.0,-5.12,-0.21,"PythonX XAUUSD M1[sl 3985.22]",525252,00:00:13:14,,,,,,,,,,,,
,88308515,10/10/2025 20:39,10/10/2025 20:39,XAUUSD,Buy,0.010,3988.08000,0.00000,3990.04000,3988.06000,0.0000,0.0000,-198.0,-1.98,-0.08,"PythonX XAUUSD M1[sl 3988.08]",525252,00:00:00:21,,,,,,,,,,,,
,88305067,10/10/2025 20:19,10/10/2025 20:30,XAUUSD,Buy,0.010,3982.41000,0.00000,3984.96000,3982.33000,0.0000,0.0000,-263.0,-2.63,-0.11,"PythonX XAUUSD M1[sl 3982.41]",525252,00:00:11:22,,,,,,,,,,,,
,88301748,10/10/2025 20:01,10/10/2025 20:02,XAUUSD,Sell,0.010,0.00000,3978.79000,3982.24000,3978.75000,0.0000,0.0000,349.0,3.49,0.14,"PythonX XAUUSD M1[tp 3978.79]",525252,00:00:01:10,,,,,,,,,,,,
,88296980,10/10/2025 19:31,10/10/2025 19:35,XAUUSD,Buy,0.010,0.00000,3995.02000,3991.43000,3995.02000,0.0000,0.0000,359.0,3.59,0.15,"PythonX XAUUSD M1[tp 3995.02]",525252,00:00:04:10,,,,,,,,,,,,
,88294877,10/10/2025 19:18,10/10/2025 19:18,XAUUSD,Sell,0.010,0.00000,3982.84000,3986.39000,3982.82000,0.0000,0.0000,357.0,3.57,0.15,"PythonX XAUUSD M1[tp 3982.84]",525252,00:00:00:45,,,,,,,,,,,,
,88291414,10/10/2025 18:59,10/10/2025 18:59,XAUUSD,Sell,0.010,0.00000,3997.71000,4001.21000,3997.35000,0.0000,0.0000,386.0,3.86,0.16,"PythonX XAUUSD M1[tp 3997.71]",525252,00:00:00:50,,,,,,,,,,,,
,88284926,10/10/2025 18:33,10/10/2025 18:33,XAUUSD,Buy,0.010,4019.22000,0.00000,4021.54000,4019.10000,0.0000,0.0000,-244.0,-2.44,-0.10,"PythonX XAUUSD M1[sl 4019.22]",525252,00:00:00:19,,,,,,,,,,,,
,88283441,10/10/2025 18:30,10/10/2025 18:30,XAUUSD,Buy,0.010,0.00000,4020.26000,4016.84000,4020.28000,0.0000,0.0000,344.0,3.44,0.14,"PythonX XAUUSD M1[tp 4020.26]",525252,00:00:00:20,,,,,,,,,,,,
,88282373,10/10/2025 18:27,10/10/2025 18:27,XAUUSD,Buy,0.010,4017.29000,0.00000,4019.81000,4017.27000,0.0000,0.0000,-254.0,-2.54,-0.10,"PythonX XAUUSD M1[sl 4017.29]",525252,00:00:00:44,,,,,,,,,,,,
,88281037,10/10/2025 18:24,10/10/2025 18:24,XAUUSD,Buy,0.010,0.00000,4014.63000,4011.12000,4014.75000,0.0000,0.0000,363.0,3.63,0.15,"PythonX XAUUSD M1[tp 4014.63]",525252,00:00:00:56,,,,,,,,,,,,
,88279963,10/10/2025 18:21,10/10/2025 18:21,XAUUSD,Buy,0.010,4009.57000,0.00000,4012.04000,4009.30000,0.0000,0.0000,-274.0,-2.74,-0.11,"PythonX XAUUSD M1[sl 4009.57]",525252,00:00:00:12,,,,,,,,,,,,
,88271254,10/10/2025 18:01,10/10/2025 18:01,XAUUSD,Buy,0.050,0.00000,3996.47000,3993.18000,3996.63000,0.0000,0.0000,345.0,17.25,0.71,"PythonX XAUUSD M1[tp 3996.47]",525252,00:00:00:19,,,,,,,,,,,,
,88268537,10/10/2025 17:55,10/10/2025 17:56,XAUUSD,Buy,0.030,3984.80000,0.00000,3987.21000,3984.78000,0.0000,0.0000,-243.0,-7.29,-0.30,"PythonX XAUUSD M1[sl 3984.80]",525252,00:00:01:58,,,,,,,,,,,,
,88265057,10/10/2025 17:36,10/10/2025 17:37,XAUUSD,Sell,0.020,3983.26000,0.00000,3980.75000,3983.30000,0.0000,0.0000,-255.0,-5.10,-0.21,"PythonX XAUUSD M1[sl 3983.26]",525252,00:00:01:03,,,,,,,,,,,,
,88263266,10/10/2025 17:28,10/10/2025 17:29,XAUUSD,Sell,0.010,3984.90000,0.00000,3982.37000,3984.97000,0.0000,0.0000,-260.0,-2.60,-0.11,"PythonX XAUUSD M1[sl 3984.90]",525252,00:00:01:48,,,,,,,,,,,,
,88263113,10/10/2025 17:27,10/10/2025 17:27,XAUUSD,Buy,0.010,3983.63000,0.00000,3986.01000,3983.58000,0.0000,0.0000,-243.0,-2.43,-0.10,"PythonX XAUUSD M1[sl 3983.63]",525252,00:00:00:14,,,,,,,,,,,,
,88260976,10/10/2025 17:19,10/10/2025 17:23,XAUUSD,Buy,0.010,0.00000,3986.67000,3983.19000,3986.80000,0.0000,0.0000,361.0,3.61,0.15,"PythonX XAUUSD M1[tp 3986.67]",525252,00:00:04:44,,,,,,,,,,,,
,88260797,10/10/2025 17:18,10/10/2025 17:18,XAUUSD,Sell,0.010,3980.69000,0.00000,3978.14000,3980.73000,0.0000,0.0000,-259.0,-2.59,-0.11,"PythonX XAUUSD M1[sl 3980.69]",525252,00:00:00:24,,,,,,,,,,,,
,88247844,10/10/2025 16:45,10/10/2025 16:46,XAUUSD,Sell,0.020,0.00000,3989.83000,3993.24000,3989.71000,0.0000,0.0000,353.0,7.06,0.29,"PythonX XAUUSD M1[tp 3989.83]",525252,00:00:01:14,,,,,,,,,,,,
,88246118,10/10/2025 16:38,10/10/2025 16:38,XAUUSD,Sell,0.010,3992.21000,0.00000,3989.74000,3992.21000,0.0000,0.0000,-247.0,-2.47,-0.10,"PythonX XAUUSD M1[sl 3992.21]",525252,00:00:00:06,,,,,,,,,,,,
,88237952,10/10/2025 16:10,10/10/2025 16:10,XAUUSD,Buy,0.010,3985.66000,0.00000,3988.40000,3985.60000,0.0000,0.0000,-280.0,-2.80,-0.11,"PythonX XAUUSD M1[sl 3985.66]",525252,00:00:00:59,,,,,,,,,,,,
,88232229,10/10/2025 15:53,10/10/2025 15:55,XAUUSD,Buy,0.010,0.00000,3989.59000,3986.09000,3989.64000,0.0000,0.0000,355.0,3.55,0.15,"PythonX XAUUSD M1[tp 3989.59]",525252,00:00:02:04,,,,,,,,,,,,
,88227097,10/10/2025 15:33,10/10/2025 15:47,XAUUSD,Sell,0.020,0.00000,3984.14000,3987.58000,3984.04000,0.0000,0.0000,354.0,7.08,0.29,"PythonX XAUUSD M1[tp 3984.14]",525252,00:00:14:16,,,,,,,,,,,,
,88225778,10/10/2025 15:26,10/10/2025 15:30,XAUUSD,Buy,0.010,3989.64000,0.00000,3992.19000,3989.63000,0.0000,0.0000,-256.0,-2.56,-0.10,"PythonX XAUUSD M1[sl 3989.64]",525252,00:00:04:47,,,,,,,,,,,,
,88222407,10/10/2025 15:11,10/10/2025 15:13,XAUUSD,Sell,0.010,3989.15000,0.00000,3986.61000,3989.15000,0.0000,0.0000,-254.0,-2.54,-0.10,"PythonX XAUUSD M1[sl 3989.15]",525252,00:00:02:44,,,,,,,,,,,,
,88218641,10/10/2025 14:53,10/10/2025 14:59,XAUUSD,Sell,0.010,0.00000,3987.41000,3990.92000,3987.36000,0.0000,0.0000,356.0,3.56,0.15,"PythonX XAUUSD M1[tp 3987.41]",525252,00:00:06:24,,,,,,,,,,,,
,88216576,10/10/2025 14:30,10/10/2025 14:33,XAUUSD,Sell,0.020,0.00000,3993.60000,3997.63000,3993.59000,0.0000,0.0000,404.0,8.08,0.33,"PythonX XAUUSD M1[tp 3993.60]",525252,00:00:03:10,,,,,,,,,,,,
,88214869,10/10/2025 14:05,10/10/2025 14:22,XAUUSD,Buy,0.010,3994.85000,0.00000,3997.34000,3994.84000,0.0000,0.0000,-250.0,-2.50,-0.10,"PythonX XAUUSD M1[sl 3994.85]",525252,00:00:17:42,,,,,,,,,,,,
,88214318,10/10/2025 13:58,10/10/2025 14:04,XAUUSD,Sell,0.010,3997.43000,0.00000,3994.97000,3997.54000,0.0000,0.0000,-257.0,-2.57,-0.11,"PythonX XAUUSD M1[sl 3997.43]",525252,00:00:06:37,,,,,,,,,,,,
,88213268,10/10/2025 13:45,10/10/2025 13:53,XAUUSD,Sell,0.010,0.00000,3994.61000,3998.04000,3994.60000,0.0000,0.0000,344.0,3.44,0.14,"PythonX XAUUSD M1[tp 3994.61]",525252,00:00:08:51,,,,,,,,,,,,
,88209470,10/10/2025 13:00,10/10/2025 13:10,XAUUSD,Sell,0.010,0.00000,3992.25000,3995.42000,3992.22000,0.0000,0.0000,320.0,3.20,0.13,"PythonX XAUUSD M1[tp 3992.25]",525252,00:00:10:59,,,,,,,,,,,,
,88209087,10/10/2025 12:56,10/10/2025 12:56,XAUUSD,Sell,0.010,3998.71000,0.00000,3996.20000,3998.81000,0.0000,0.0000,-261.0,-2.61,-0.11,"PythonX XAUUSD M1[sl 3998.71]",525252,00:00:00:08,,,,,,,,,,,,
,88206680,10/10/2025 12:32,10/10/2025 12:42,XAUUSD,Buy,0.010,0.00000,4000.60000,3997.11000,4000.61000,0.0000,0.0000,350.0,3.50,0.14,"PythonX XAUUSD M1[tp 4000.60]",525252,00:00:10:20,,,,,,,,,,,,
,88206183,10/10/2025 12:26,10/10/2025 12:29,XAUUSD,Sell,0.010,3995.71000,0.00000,3993.20000,3995.72000,0.0000,0.0000,-252.0,-2.52,-0.10,"PythonX XAUUSD M1[sl 3995.71]",525252,00:00:03:03,,,,,,,,,,,,
,88204764,10/10/2025 12:12,10/10/2025 12:13,XAUUSD,Buy,0.030,0.00000,0.00000,3998.06000,4000.79000,0.0000,0.0000,273.0,8.19,0.34,"PythonX XAUUSD M1",525252,00:00:01:24,,,,,,,,,,,,
,88204203,10/10/2025 12:06,10/10/2025 12:07,XAUUSD,Sell,0.020,3993.07000,0.00000,3990.63000,3993.10000,0.0000,0.0000,-247.0,-4.94,-0.20,"PythonX XAUUSD M1[sl 3993.07]",525252,00:00:01:28,,,,,,,,,,,,
,88203913,10/10/2025 12:02,10/10/2025 12:03,XAUUSD,Buy,0.010,3991.81000,0.00000,3994.31000,3991.62000,0.0000,0.0000,-269.0,-2.69,-0.11,"PythonX XAUUSD M1[sl 3991.81]",525252,00:00:01:51,,,,,,,,,,,,
,88198549,10/10/2025 10:59,10/10/2025 11:04,XAUUSD,Sell,0.010,3978.66000,0.00000,3972.06000,3978.67000,0.0000,0.0000,-661.0,-6.61,-0.27,"866777801[sl 3978.66]",123,00:00:04:55,,,,,,,,,,,,
,88198544,10/10/2025 10:59,10/10/2025 11:04,XAUUSD,Sell,0.010,3978.86000,0.00000,3972.28000,3978.92000,0.0000,0.0000,-664.0,-6.64,-0.27,"866777501[sl 3978.86]",123,00:00:04:57,,,,,,,,,,,,
,88188024,10/10/2025 08:40,10/10/2025 09:37,XAUUSD,Buy,0.010,0.00000,0.00000,3969.64000,3975.67000,0.0000,0.0000,603.0,6.03,0.25,"866068301",123,00:00:57:00,,,,,,,,,,,,
,88184174,10/10/2025 07:43,10/10/2025 08:01,XAUUSD,Sell,0.010,3968.46000,0.00000,3963.83000,3968.52000,0.0000,0.0000,-469.0,-4.69,-0.19,"865753101[sl 3968.46]",123,00:00:17:31,,,,,,,,,,,,
,88182477,10/10/2025 07:17,10/10/2025 07:20,XAUUSD,Buy,0.040,0.00000,0.00000,3953.80000,3956.27000,0.0000,0.0000,247.0,9.88,0.41,"865626101",123,00:00:02:44,,,,,,,,,,,,
,88181170,10/10/2025 07:03,10/10/2025 07:07,XAUUSD,Buy,0.040,3957.35000,0.00000,3964.07000,3957.31000,0.0000,0.0000,-676.0,-27.04,-1.10,"865436201[sl 3957.35]",123,00:00:04:02,,,,,,,,,,,,
,88177779,10/10/2025 06:18,10/10/2025 06:26,XAUUSD,Buy,0.020,3965.50000,0.00000,3973.49000,3965.31000,0.0000,0.0000,-818.0,-16.36,-0.66,"865093901[sl 3965.50]",123,00:00:08:21,,,,,,,,,,,,
,88169098,10/10/2025 04:11,10/10/2025 04:17,XAUUSD,Buy,0.020,3980.12000,0.00000,3989.02000,3980.02000,0.0000,0.0000,-900.0,-18.00,-0.72,"864458301[sl 3980.12]",123,00:00:05:50,,,,,,,,,,,,
,88164660,10/10/2025 02:57,10/10/2025 03:56,XAUUSD,Sell,0.010,0.00000,0.00000,3988.77000,3991.01000,0.0000,0.0000,-224.0,-2.24,-0.09,"864202901",123,00:00:59:04,,,,,,,,,,,,
,88155865,10/09/2025 22:59,10/10/2025 01:10,XAUUSD,Buy,0.010,3969.31000,0.00000,3972.76000,3969.18000,0.0000,-0.3900,-358.0,-3.97,-0.16,"863845901[sl 3969.31]",123,00:02:11:14,,,,,,,,,,,,
,88152332,10/09/2025 21:56,10/09/2025 22:13,XAUUSD,Buy,0.010,0.00000,3967.44000,3958.35000,3967.58000,0.0000,0.0000,923.0,9.23,0.37,"863611901[tp 3967.44]",123,00:00:16:46,,,,,,,,,,,,
,88141464,10/09/2025 20:03,10/09/2025 20:06,XAUUSD,Buy,0.010,3961.55000,0.00000,3971.37000,3961.44000,0.0000,0.0000,-993.0,-9.93,-0.40,"862764401[sl 3961.55]",123,00:00:02:58,,,,,,,,,,,,
,88135259,10/09/2025 19:20,10/09/2025 19:21,XAUUSD,Sell,0.010,0.00000,0.00000,4016.92000,4016.21000,0.0000,0.0000,71.0,0.71,0.03,"862010201",123,00:00:00:29,,,,,,,,,,,,
,88124201,10/09/2025 17:51,10/09/2025 18:06,XAUUSD,Sell,0.100,0.00000,0.00000,4021.56000,4021.35000,0.0000,0.0000,21.0,2.10,0.08,"861179201",123,00:00:15:32,,,,,,,,,,,,
,48663049,10/09/2025 14:38,,,Deposit,0.000,0.00000,0.00000,0.00000,0.00000,0.0000,0.0000,0.0,2500.00,0,"Deposit",0,00:00:00:00,,,,,,,,,,,,

